Player,year_start,year_end
Alaa Abdelnaby,1991,1995
Mahmoud Abdul-Rauf,1991,2001
Tariq Abdul-Wahad,1998,2003
Shareef Abdur-Rahim,1997,2008
Alex Abrines,2017,2018
Alex Acker,2006,2009
Quincy Acy,2013,2018
Hassan Adams,2007,2009
Jordan Adams,2015,2016
Steven Adams,2014,2018
Bam Adebayo,2018,2018
Jeff Adrien,2011,2015
Arron Afflalo,2008,2018
Maurice Ager,2007,2011
Blake Ahearn,2008,2012
Alexis Ajinca,2009,2017
Josh Akognon,2013,2013
Solomon Alabi,2011,2012
Furkan Aldemir,2015,2015
Cole Aldrich,2011,2018
LaMarcus Aldridge,2007,2018
Cliff Alexander,2016,2016
Cory Alexander,1996,2005
Courtney Alexander,2001,2003
Gary Alexander,1994,1994
Joe Alexander,2009,2010
Victor Alexander,1992,2002
Jarrett Allen,2018,2018
Jerome Allen,1996,1997
Kadeem Allen,2018,2018
Lavoy Allen,2012,2017
Malik Allen,2002,2011
Ray Allen,1997,2014
Tony Allen,2005,2018
Lance Allred,2008,2008
Morris Almond,2008,2012
Derrick Alston,1995,1997
Rafer Alston,2000,2010
Peter Aluma,1999,1999
John Amaechi,1996,2003
Ashraf Amaya,1996,1997
Al-Farouq Aminu,2011,2018
Lou Amundson,2007,2016
Chris Andersen,2002,2017
David Andersen,2010,2011
Alan Anderson,2006,2017
Antonio Anderson,2010,2010
Derek Anderson,1998,2008
Eric Anderson,1993,1994
James Anderson,2011,2016
Justin Anderson,2016,2018
Kenny Anderson,1992,2005
Kyle Anderson,2015,2018
Ryan Anderson,2009,2018
Shandon Anderson,1997,2006
Martynas Andriuskevicius,2006,2006
Ike Anigbogu,2018,2018
Chris Anstey,1998,2000
Giannis Antetokounmpo,2014,2018
Thanasis Antetokounmpo,2016,2016
Carmelo Anthony,2004,2018
Greg Anthony,1992,2002
Joel Anthony,2008,2017
Pero Antic,2014,2015
OG Anunoby,2018,2018
Keith Appling,2016,2016
Rafael Araujo,2005,2007
Robert Archibald,2003,2004
Ryan Arcidiacono,2018,2018
Gilbert Arenas,2002,2012
Trevor Ariza,2005,2018
Brandon Armstrong,2002,2004
Darrell Armstrong,1995,2008
Hilton Armstrong,2007,2014
Carlos Arroyo,2002,2011
Darrell Arthur,2009,2018
Jamel Artis,2018,2018
Omer Asik,2011,2018
Keith Askins,1991,1999
Chucky Atkins,2000,2010
Stacey Augmon,1992,2006
D.J. Augustin,2009,2018
James Augustine,2007,2008
Isaac Austin,1992,2002
Anthony Avent,1993,2000
William Avery,2000,2002
Gustavo Ayon,2012,2014
Jeff Ayres,2010,2016
Kelenna Azubuike,2007,2012
Chris Babb,2014,2014
Luke Babbitt,2011,2018
Milos Babic,1991,1992
Dwayne Bacon,2018,2018
Dalibor Bagaric,2001,2003
Toby Bailey,1999,2000
Cameron Bairstow,2015,2016
LaMark Baker,1999,1999
Maurice Baker,2005,2005
Ron Baker,2017,2018
Vin Baker,1994,2006
Wade Baldwin,2017,2017
Renaldo Balkman,2007,2012
Cedric Ball,1991,1991
Lonzo Ball,2018,2018
Marcus Banks,2004,2011
Leandro Barbosa,2004,2017
Steve Bardo,1992,1996
J.J. Barea,2007,2018
Andrea Bargnani,2007,2016
Erick Barkley,2001,2002
Harrison Barnes,2013,2018
Matt Barnes,2004,2017
Andre Barrett,2005,2008
Earl Barron,2006,2015
Brent Barry,1996,2009
Drew Barry,1998,2000
Jon Barry,1993,2006
Will Barton,2013,2018
Eddie Basden,2006,2006
Brandon Bass,2006,2017
Maceo Baston,2003,2009
Mengke Bateer,2002,2004
Esteban Batista,2006,2007
Mike Batiste,2003,2003
Tony Battie,1998,2012
Shane Battier,2002,2014
Nicolas Batum,2009,2018
Lonny Baxter,2003,2006
Jerryd Bayless,2009,2018
Aron Baynes,2013,2018
Sergei Bazarevich,1995,1995
Kent Bazemore,2013,2018
Bradley Beal,2013,2018
Jerome Beasley,2004,2004
Malik Beasley,2017,2018
Michael Beasley,2009,2018
Rodrigue Beaubois,2010,2013
Corey Beck,1996,1999
Marco Belinelli,2008,2018
Charlie Bell,2002,2011
Jordan Bell,2018,2018
Raja Bell,2001,2012
Troy Bell,2004,2004
DeAndre' Bembry,2017,2018
Dragan Bender,2017,2018
Jonathan Bender,2000,2010
Jerrelle Benimon,2015,2015
Corey Benjamin,1999,2003
Anthony Bennett,2014,2017
Elmer Bennett,1995,1997
Mario Bennett,1996,2000
Tony Bennett,1993,1995
David Benoit,1992,2001
Keith Benson,2012,2012
Ben Bentil,2017,2017
Davis Bertans,2017,2018
Travis Best,1996,2005
Patrick Beverley,2013,2018
Sim Bhullar,2015,2015
Mike Bibby,1999,2012
Andris Biedrins,2005,2014
Chauncey Billups,1998,2014
Khem Birch,2018,2018
Jabari Bird,2018,2018
Bismack Biyombo,2012,2018
Nemanja Bjelica,2016,2018
Tarik Black,2015,2018
Alex Blackwell,1993,1993
James Blackwell,1995,1995
DeJuan Blair,2010,2016
Steve Blake,2004,2016
Antonio Blakeney,2018,2018
Will Blalock,2007,2007
Lance Blanks,1991,1993
Ricky Blanton,1993,1993
Andray Blatche,2006,2014
Eric Bledsoe,2011,2018
Corie Blount,1994,2004
Mark Blount,2001,2009
Vander Blue,2014,2018
Tony Bobbitt,2005,2005
Keith Bogans,2004,2014
Bogdan Bogdanovic,2018,2018
Bojan Bogdanovic,2015,2018
Andrew Bogut,2006,2018
Etdrick Bohannon,1998,2001
Joel Bolomboy,2017,2018
Walter Bond,1993,1995
Dexter Boney,1997,1997
Anthony Bonner,1991,1996
Matt Bonner,2005,2016
Devin Booker,2016,2018
Melvin Booker,1996,1997
Trevor Booker,2011,2018
Josh Boone,2007,2010
Calvin Booth,2000,2009
Keith Booth,1998,1999
Carlos Boozer,2003,2015
Curtis Borchardt,2004,2005
Lazaro Borrell,2000,2000
Chris Bosh,2004,2016
Ruben Boumtje-Boumtje,2002,2004
Cal Bowdler,2000,2002
Bruce Bowen,1997,2009
Ryan Bowen,2000,2010
Ira Bowman,2000,2002
Donnie Boyce,1996,1997
Earl Boykins,1999,2012
Cedric Bozeman,2007,2007
Craig Brackins,2011,2012
Avery Bradley,2011,2018
Michael Bradley,2002,2006
Shawn Bradley,1994,2005
Tony Bradley,2018,2018
Mark Bradtke,1997,1997
Marques Bragg,1996,1996
Torraye Braggs,2004,2005
A.J. Bramlett,2000,2000
Elton Brand,2000,2016
Terrell Brandon,1992,2002
Tim Breaux,1995,1998
J.R. Bremer,2003,2004
Corey Brewer,2008,2018
Jamison Brewer,2002,2005
Ronnie Brewer,2007,2014
Primoz Brezec,2002,2010
Jon Brockman,2010,2012
Malcolm Brogdon,2017,2018
Aaron Brooks,2008,2018
Dillon Brooks,2018,2018
Kevin Brooks,1992,1994
MarShon Brooks,2012,2014
Andre Brown,2007,2009
Anthony Brown,2016,2017
Bobby Brown,2009,2018
Damone Brown,2002,2005
Dee Brown,1991,2002
Dee Brown,2007,2009
Derrick Brown,2010,2012
Devin Brown,2003,2010
Ernest Brown,2002,2002
Gerald Brown,1999,1999
Jabari Brown,2015,2015
Jaylen Brown,2017,2018
Kedrick Brown,2002,2005
Kwame Brown,2002,2013
Lorenzo Brown,2014,2018
Marcus Brown,1997,2000
Markel Brown,2015,2016
Myron Brown,1992,1992
P.J. Brown,1994,2008
Randy Brown,1992,2003
Shannon Brown,2007,2015
Sterling Brown,2018,2018
Tierre Brown,2002,2005
Rick Brunson,1998,2006
Nicolas Brussino,2017,2018
Kobe Bryant,1997,2016
Thomas Bryant,2018,2018
Greg Buckner,2000,2009
Chase Budinger,2010,2016
Jud Buechler,1991,2002
Rodney Buford,2000,2005
Matt Bullard,1991,2002
Reggie Bullock,2014,2018
Pat Burke,2003,2007
Trey Burke,2014,2017
Alec Burks,2012,2018
Antonio Burks,2005,2006
Kevin Burleson,2006,2006
Evers Burns,1994,1994
Scott Burrell,1994,2001
Junior Burrough,1996,1996
Willie Burton,1991,1999
Caron Butler,2003,2016
Jackie Butler,2005,2007
Jimmy Butler,2012,2018
Mitchell Butler,1994,2004
Rasual Butler,2003,2016
Dwight Buycks,2014,2015
Derrick Byars,2012,2012
Andrew Bynum,2006,2014
Will Bynum,2006,2015
Zarko Cabarkapa,2004,2006
Bruno Caboclo,2015,2018
Jason Caffey,1996,2003
Nick Calathes,2014,2015
Jose Calderon,2006,2018
Kentavious Caldwell-Pope,2014,2018
Demetrius Calip,1992,1992
Rick Calloway,1991,1991
Dexter Cambridge,1993,1993
Marcus Camby,1997,2013
Elden Campbell,1991,2005
Isaiah Canaan,2014,2018
Clint Capela,2015,2018
Derrick Caracter,2011,2011
Brian Cardinal,2001,2012
Geno Carlisle,2005,2005
Rodney Carney,2007,2011
Chris Carr,1996,2001
Cory Carr,1999,1999
DeMarre Carroll,2010,2018
Matt Carroll,2004,2013
Jimmy Carruth,1997,1997
Anthony Carter,2000,2012
Maurice Carter,2004,2004
Vince Carter,1999,2018
Michael Carter-Williams,2014,2018
Alex Caruso,2018,2018
Sam Cassell,1994,2008
Omri Casspi,2010,2018
Kelvin Cato,1998,2007
Willie Cauley-Stein,2016,2018
Duane Causwell,1991,2001
Tyler Cavanaugh,2018,2018
Cedric Ceballos,1991,2001
John Celestand,2000,2000
Lionel Chalmers,2005,2005
Mario Chalmers,2009,2018
Tyson Chandler,2002,2018
Wilson Chandler,2008,2018
Calbert Cheaney,1994,2006
Will Cherry,2015,2015
Pete Chilcutt,1992,2000
Josh Childress,2005,2014
Randolph Childress,1996,1997
Chris Childs,1995,2003
Marquese Chriss,2017,2018
Doug Christie,1993,2007
Dionte Christmas,2014,2014
Rakeem Christmas,2016,2017
Semaj Christon,2017,2017
Patrick Christopher,2015,2015
Robert Churchwell,1996,1996
Earl Clark,2010,2015
Ian Clark,2014,2018
Keon Clark,1999,2004
Coty Clarke,2016,2016
Jordan Clarkson,2015,2018
Gian Clavell,2018,2018
Victor Claver,2013,2015
Charles Claxton,1996,1996
Speedy Claxton,2002,2009
Mateen Cleaves,2001,2006
Antonius Cleveland,2018,2018
Keith Closs,1998,2000
Richard Coffey,1991,1991
John Coker,1996,2001
Norris Cole,2012,2017
Derrick Coleman,1991,2005
Bimbo Coles,1991,2004
Jason Collier,2001,2005
James Collins,1998,1998
Jarron Collins,2002,2011
Jason Collins,2002,2014
John Collins,2018,2018
Mardy Collins,2007,2010
Sherron Collins,2011,2011
Zach Collins,2018,2018
Kyle Collinsworth,2018,2018
Darren Collison,2010,2018
Nick Collison,2005,2018
Sean Colson,2001,2001
Mike Conley,2008,2018
Marty Conlon,1992,2000
Pat Connaughton,2016,2018
Will Conroy,2007,2013
Anthony Cook,1991,1996
Brian Cook,2004,2012
Daequan Cook,2008,2013
Omar Cook,2004,2005
Quinn Cook,2017,2018
Charles Cooke,2018,2018
Jack Cooley,2015,2018
Duane Cooper,1993,1994
Tom Copa,1992,1992
Chris Copeland,2013,2016
Chris Corchiani,1992,1994
Matt Costello,2018,2018
Bryce Cotton,2015,2016
James Cotton,1998,1999
Joe Courtney,1993,1997
Marcus Cousin,2011,2011
DeMarcus Cousins,2011,2018
Robert Covington,2014,2018
Allen Crabbe,2014,2018
Torrey Craig,2018,2018
Chris Crawford,1998,2004
Jamal Crawford,2001,2018
Joe Crawford,2009,2009
Jordan Crawford,2011,2018
Joe Crispin,2002,2002
Javaris Crittenton,2008,2009
Austin Croshere,1998,2009
John Crotty,1993,2003
Corey Crowder,1992,1995
Jae Crowder,2013,2018
Vonteego Cummings,2000,2002
Dante Cunningham,2010,2018
Jared Cunningham,2013,2016
William Cunningham,1998,1999
Radisav Curcic,1993,1993
Bill Curley,1995,2001
Eddy Curry,2002,2013
JamesOn Curry,2010,2010
Michael Curry,1994,2005
Seth Curry,2014,2017
Stephen Curry,2010,2018
Rastko Cvetkovic,1996,1996
Samuel Dalembert,2002,2015
Erick Dampier,1997,2012
Antonio Daniels,1998,2011
Erik Daniels,2005,2005
Lloyd Daniels,1993,1998
Marquis Daniels,2004,2013
Troy Daniels,2014,2018
Sasha Danilovic,1996,1997
Yinka Dare,1995,1998
Luigi Datome,2014,2015
Kornel David,1999,2001
Jermareo Davidson,2008,2009
Brandon Davies,2014,2015
Anthony Davis,2013,2018
Antonio Davis,1994,2006
Baron Davis,2000,2012
Ben Davis,1997,2000
Brian Davis,1994,1994
Dale Davis,1992,2007
Deyonta Davis,2017,2018
Ed Davis,2011,2018
Emanual Davis,1997,2003
Glen Davis,2008,2015
Hubert Davis,1993,2004
Josh Davis,2004,2012
Mark Davis,1996,2000
Paul Davis,2007,2010
Ricky Davis,1999,2010
Andre Dawkins,2015,2015
Branden Dawson,2016,2016
Eric Dawson,2012,2012
Tony Dawson,1991,1995
Todd Day,1993,2001
Austin Daye,2010,2015
Nando De Colo,2013,2014
Andrew DeClercq,1996,2005
Dewayne Dedmon,2014,2018
Terry Dehere,1994,1999
Bryce Dejean-Jones,2016,2016
Sam Dekker,2016,2018
Malcolm Delaney,2017,2018
Bison Dele,1992,1999
Carlos Delfino,2005,2013
Tony Delk,1997,2006
Matthew Dellavedova,2014,2018
Dell Demps,1994,1997
Luol Deng,2005,2018
Justin Dentmon,2012,2013
DeMar DeRozan,2010,2018
Derrick Dial,2000,2004
Cheick Diallo,2017,2018
Boris Diaw,2004,2017
Yakhouba Diawara,2007,2010
Guillermo Diaz,2008,2008
Dan Dickau,2003,2008
Kaniel Dickens,2004,2008
Michael Dickerson,1999,2003
Travis Diener,2006,2010
Gorgui Dieng,2014,2018
Spencer Dinwiddie,2015,2018
Ike Diogu,2006,2012
DeSagana Diop,2002,2013
Juan Dixon,2003,2009
Aleksandar Djordjevic,1997,1997
Michael Doleac,1999,2008
Keyon Dooling,2001,2013
Joey Dorsey,2009,2015
Tyler Dorsey,2018,2018
Damyean Dotson,2018,2018
Quincy Douby,2007,2009
Toney Douglas,2010,2017
Chris Douglas-Roberts,2009,2015
Zabian Dowdell,2011,2011
Goran Dragic,2009,2018
Zoran Dragic,2015,2015
Bryce Drew,1999,2004
Larry Drew,2015,2015
Nate Driggers,1997,1997
Predrag Drobnjak,2002,2005
Andre Drummond,2013,2018
Jared Dudley,2008,2018
Chris Duhon,2005,2013
Duje Dukan,2016,2016
Richard Dumas,1993,1996
Tony Dumas,1995,1998
Tim Duncan,1998,2016
Mike Dunleavy,2003,2017
Kris Dunn,2017,2018
Ronald Dupree,2004,2011
Kevin Durant,2008,2018
Pat Durham,1993,1995
Jerome Dyson,2012,2012
Acie Earl,1994,1997
Cleanthony Early,2015,2016
Devin Ebanks,2011,2013
Ndudi Ebi,2004,2005
Jarell Eddie,2016,2017
Patrick Eddie,1992,1992
Tyus Edney,1996,2001
Bill Edwards,1994,1994
Corsley Edwards,2005,2005
Doug Edwards,1994,1996
John Edwards,2005,2006
Shane Edwards,2014,2014
Howard Eisley,1995,2006
Obinna Ekezie,2000,2005
Khalid El-Amin,2001,2001
Mario Elie,1991,2001
Henry Ellenson,2017,2018
Wayne Ellington,2010,2018
Harold Ellis,1994,1998
LaPhonso Ellis,1993,2003
LeRon Ellis,1992,1996
Monta Ellis,2006,2017
Francisco Elson,2004,2012
Melvin Ely,2003,2014
Joel Embiid,2017,2018
Andre Emmett,2005,2012
A.J. English,1991,1992
Jo Jo English,1993,1995
Kim English,2013,2013
James Ennis,2015,2018
Tyler Ennis,2015,2018
Semih Erden,2011,2012
Evan Eschmeyer,2000,2003
Vincenzo Esposito,1996,1996
Brian Evans,1997,1999
Jawun Evans,2018,2018
Jeremy Evans,2011,2016
Maurice Evans,2002,2012
Reggie Evans,2003,2015
Tyreke Evans,2010,2018
Daniel Ewing,2006,2007
Patrick Ewing,2011,2011
Dante Exum,2015,2017
Christian Eyenga,2011,2012
Festus Ezeli,2013,2016
Kenneth Faried,2012,2018
Jordan Farmar,2007,2017
Desmon Farmer,2007,2009
Tony Farmer,1998,2000
Vitor Faverani,2014,2014
Derrick Favors,2011,2018
Nick Fazekas,2008,2008
Jamie Feick,1997,2001
Kay Felder,2017,2018
Cristiano Felicio,2016,2018
Carrick Felix,2014,2014
Noel Felix,2006,2006
Raymond Felton,2006,2018
Desmond Ferguson,2004,2004
Terrance Ferguson,2018,2018
Rudy Fernandez,2009,2012
Yogi Ferrell,2017,2018
Danny Ferry,1991,2003
Kyrylo Fesenko,2008,2012
Landry Fields,2011,2015
Michael Finley,1996,2010
Dorian Finney-Smith,2017,2018
Matt Fish,1995,1997
Derek Fisher,1997,2014
Gerald Fitch,2006,2006
Marcus Fizer,2001,2006
Luis Flores,2005,2005
Jonny Flynn,2010,2012
Isaac Fontaine,2002,2002
Jeff Foote,2012,2012
Bryn Forbes,2017,2018
Gary Forbes,2011,2012
Alphonso Ford,1994,1995
Alton Ford,2002,2004
Sharrod Ford,2006,2006
Sherell Ford,1996,1996
T.J. Ford,2004,2012
Joseph Forte,2002,2003
Courtney Fortson,2012,2012
Danny Fortson,1998,2007
Greg Foster,1991,2003
Jeff Foster,2000,2012
Antonis Fotsis,2002,2002
Evan Fournier,2013,2018
Tremaine Fowlkes,2002,2005
De'Aaron Fox,2018,2018
Rick Fox,1992,2004
Randy Foye,2007,2017
Adonal Foyle,1998,2009
Richie Frahm,2004,2008
Steve Francis,2000,2008
Jamaal Franklin,2014,2015
Tim Frazier,2015,2018
Jimmer Fredette,2012,2016
Joel Freeland,2013,2015
Matt Freije,2005,2007
Channing Frye,2006,2018
Hiram Fuller,2004,2004
Todd Fuller,1997,2001
Markelle Fultz,2018,2018
Lawrence Funderburke,1998,2005
Dan Gadzuric,2003,2012
Deng Gai,2006,2006
Reece Gaines,2004,2006
Sundiata Gaines,2010,2012
Chad Gallagher,1994,1994
Danilo Gallinari,2009,2018
Langston Galloway,2015,2018
Jorge Garbajosa,2007,2008
Ruben Garces,2001,2001
Alex Garcia,2004,2005
Francisco Garcia,2006,2015
Thomas Gardner,2008,2009
Patricio Garino,2017,2017
Chris Garner,1998,2001
Kevin Garnett,1996,2016
Marlon Garnett,1999,1999
Dean Garrett,1997,2002
Diante Garrett,2013,2014
Kiwane Garris,1998,2000
Pat Garrity,1999,2008
Marc Gasol,2009,2018
Pau Gasol,2002,2018
Chris Gatling,1992,2002
Rudy Gay,2007,2018
Andrew Gaze,1994,1999
Michael Gbinije,2017,2017
Reggie Geary,1997,1998
Alonzo Gee,2010,2017
Matt Geiger,1993,2002
Mickael Gelabale,2007,2013
Devean George,2000,2010
Paul George,2011,2018
Tate George,1991,1995
Marcus Georges-Hunt,2017,2018
Daniel Gibson,2007,2013
Jonathan Gibson,2017,2017
Taj Gibson,2010,2018
J.R. Giddens,2009,2010
Trey Gilder,2010,2010
Eddie Gill,2001,2009
Kendall Gill,1991,2005
Manu Ginobili,2003,2018
Gordan Giricek,2003,2008
Mickell Gladness,2012,2012
Gerald Glass,1991,1996
Dion Glover,2000,2005
Andreas Glyniadakis,2007,2007
Rudy Gobert,2014,2018
Dan Godfread,1991,1992
Anthony Goldwire,1996,2006
Ryan Gomes,2006,2014
Drew Gooden,2003,2016
Steve Goodrich,2001,2002
Archie Goodwin,2014,2017
Aaron Gordon,2015,2018
Ben Gordon,2005,2015
Drew Gordon,2015,2015
Eric Gordon,2009,2018
Marcin Gortat,2008,2018
Andrew Goudelock,2012,2016
Ricky Grace,1994,1994
Greg Graham,1994,1998
Joey Graham,2006,2011
Paul Graham,1992,1994
Stephen Graham,2006,2011
Treveon Graham,2017,2018
Jim Grandholm,1991,1991
Danny Granger,2006,2015
Brian Grant,1995,2006
Jerami Grant,2015,2018
Jerian Grant,2016,2018
Josh Grant,1994,1994
Paul Grant,1999,2004
Aaron Gray,2008,2014
Devin Gray,1997,2000
Ed Gray,1998,1999
Evric Gray,1997,1997
Danny Green,2010,2018
Devin Green,2006,2006
Draymond Green,2013,2018
Erick Green,2015,2016
Gerald Green,2006,2017
JaMychal Green,2015,2018
Jeff Green,2008,2018
Litterial Green,1993,1999
Sean Green,1992,1994
Taurean Green,2008,2008
Willie Green,2004,2015
Donte Greene,2009,2012
Orien Greene,2006,2011
Lynn Greer,2007,2007
Adrian Griffin,2000,2008
Blake Griffin,2011,2018
Eddie Griffin,2002,2007
Taylor Griffin,2010,2010
Derek Grimm,1998,1998
Anthony Grundy,2006,2006
Tom Gugliotta,1993,2005
Andres Guibert,1994,1995
Jay Guidinger,1993,1994
Jorge Gutierrez,2014,2016
A.J. Guyton,2001,2003
Hamed Haddadi,2009,2013
Malik Hairston,2009,2010
P.J. Hairston,2015,2016
Marcus Haislip,2003,2010
Mike Hall,2007,2007
Darvin Ham,1997,2005
Steve Hamer,1997,1997
Daniel Hamilton,2018,2018
Jordan Hamilton,2012,2016
Justin Hamilton,2014,2017
Richard Hamilton,2000,2013
Tang Hamilton,2002,2002
Thomas Hamilton,1996,2000
Zendon Hamilton,2001,2006
Geert Hammink,1994,1996
A.J. Hammons,2017,2017
Darrin Hancock,1995,1997
Ben Handlogten,2004,2005
Ben Hansbrough,2013,2013
Tyler Hansbrough,2010,2016
Travis Hansen,2004,2004
Reggie Hanson,1998,1998
Luke Harangody,2011,2012
Anfernee Hardaway,1994,2008
Tim Hardaway,2014,2018
James Harden,2010,2018
Maurice Harkless,2013,2018
Jerome Harmon,1995,1995
Justin Harper,2012,2017
Matt Harpring,1999,2009
Montrezl Harrell,2016,2018
Josh Harrellson,2012,2014
Adam Harrington,2003,2003
Al Harrington,1999,2014
Junior Harrington,2003,2007
Othella Harrington,1997,2008
Devin Harris,2005,2018
Elias Harris,2014,2014
Gary Harris,2015,2018
Joe Harris,2015,2018
Lucious Harris,1994,2005
Manny Harris,2011,2017
Mike Harris,2008,2014
Terrel Harris,2012,2013
Tobias Harris,2012,2018
Tony Harris,1991,1995
Aaron Harrison,2016,2017
Andrew Harrison,2017,2018
David Harrison,2005,2008
Jason Hart,2001,2010
Josh Hart,2018,2018
Antonio Harvey,1994,2003
Donnell Harvey,2001,2005
Scott Haskin,1994,1994
Udonis Haslem,2004,2018
Trenton Hassell,2002,2010
Kirk Haston,2002,2003
Spencer Hawes,2008,2017
Juaquin Hawkins,2003,2003
Michael Hawkins,1997,2001
Chuck Hayes,2006,2016
Jarvis Hayes,2004,2010
Gordon Hayward,2011,2018
Lazar Hayward,2011,2013
Brendan Haywood,2002,2015
Luther Head,2006,2011
Shane Heal,1997,2004
Alvin Heggs,1996,1996
Alan Henderson,1996,2007
Cedric Henderson,1998,2002
Gerald Henderson,2010,2017
J.R. Henderson,1999,1999
Mark Hendrickson,1997,2000
Skeeter Henry,1994,1994
Xavier Henry,2011,2015
John Henson,2013,2018
Steve Henson,1991,1999
Juan Hernangomez,2017,2018
Willy Hernangomez,2017,2018
Chris Herren,2000,2001
Carl Herrera,1992,1999
Walter Herrmann,2007,2009
Mario Hezonja,2016,2018
Roy Hibbert,2009,2017
J.J. Hickson,2009,2016
Buddy Hield,2017,2018
Cory Higgins,2012,2013
Sean Higgins,1991,1998
Nene Hilario,2003,2018
George Hill,2009,2018
Grant Hill,1995,2013
Jordan Hill,2010,2017
Solomon Hill,2014,2017
Steven Hill,2009,2009
Tyrone Hill,1991,2004
Darrun Hilliard,2016,2018
Kirk Hinrich,2004,2016
Robert Hite,2007,2007
Darington Hobson,2012,2012
Donald Hodge,1992,1996
Julius Hodge,2006,2007
Fred Hoiberg,1996,2005
Randy Holcomb,2006,2006
Jrue Holiday,2010,2018
Justin Holiday,2013,2018
John Holland,2018,2018
Ryan Hollins,2007,2016
Rondae Hollis-Jefferson,2016,2018
Richaun Holmes,2016,2018
Jerald Honeycutt,1998,1999
Tyler Honeycutt,2012,2013
Derek Hood,2000,2000
Rodney Hood,2015,2018
Scotty Hopson,2014,2014
Al Horford,2008,2018
Dennis Horner,2012,2012
Robert Horry,1993,2008
Danuel House,2017,2018
Eddie House,2001,2011
Allan Houston,1994,2005
Byron Houston,1993,1996
Tom Hovasse,1995,1995
Brian Howard,1992,1993
Dwight Howard,2005,2018
Josh Howard,2004,2013
Juwan Howard,1995,2013
Stephen Howard,1993,1998
Lester Hudson,2010,2015
Troy Hudson,1998,2008
Marcelo Huertas,2016,2017
Josh Huestis,2016,2018
Nate Huffman,2003,2003
Larry Hughes,1999,2012
Rick Hughes,2000,2000
Robbie Hummel,2014,2015
Ryan Humphrey,2003,2005
Kris Humphries,2005,2017
Brandon Hunter,2004,2005
Cedric Hunter,1992,1992
Chris Hunter,2010,2010
Lindsey Hunter,1994,2010
Othello Hunter,2009,2010
R.J. Hunter,2016,2017
Steven Hunter,2002,2010
Vince Hunter,2018,2018
Bobby Hurley,1994,1998
Serge Ibaka,2010,2018
Andre Iguodala,2005,2018
Zydrunas Ilgauskas,1998,2011
Mile Ilic,2007,2007
Didier Ilunga-Mbenga,2005,2011
Ersan Ilyasova,2007,2018
Joe Ingles,2015,2018
Damien Inglis,2016,2016
Brandon Ingram,2017,2018
Kyrie Irving,2012,2018
Jonathan Isaac,2018,2018
Mike Iuzzolino,1992,1993
Allen Iverson,1997,2010
Royal Ivey,2005,2014
Wesley Iwundu,2018,2018
Jarrett Jack,2006,2018
Bobby Jackson,1998,2009
Cedric Jackson,2010,2010
Darnell Jackson,2009,2011
Demetrius Jackson,2017,2018
Jermaine Jackson,2000,2006
Jim Jackson,1993,2006
Josh Jackson,2018,2018
Justin Jackson,2018,2018
Luke Jackson,2005,2008
Marc Jackson,2001,2007
Pierre Jackson,2017,2017
Randell Jackson,1999,2000
Reggie Jackson,2012,2018
Stanley Jackson,1994,1994
Stephen Jackson,2001,2014
Casey Jacobsen,2003,2008
Sam Jacobson,1999,2001
Dave Jamerson,1991,1994
Bernard James,2013,2015
Damion James,2011,2014
Henry James,1991,1998
Jerome James,1999,2009
LeBron James,2004,2018
Mike James,2002,2014
Mike James,2018,2018
Tim James,2000,2002
Antawn Jamison,1999,2014
Harold Jamison,2000,2002
Marko Jaric,2003,2009
Sarunas Jasikevicius,2006,2007
Nathan Jawai,2009,2010
Chris Jefferies,2003,2004
Othyus Jeffers,2010,2014
Al Jefferson,2005,2018
Cory Jefferson,2015,2016
Dontell Jefferson,2009,2009
Richard Jefferson,2002,2018
Jared Jeffries,2003,2013
Charles Jenkins,2012,2013
Horace Jenkins,2005,2005
John Jenkins,2013,2017
Brandon Jennings,2010,2017
Keith Jennings,1993,1995
Chris Jent,1994,1997
Les Jepsen,1991,1992
Jonas Jerebko,2010,2018
Grant Jerrett,2015,2015
Eugene Jeter,2011,2011
Yi Jianlian,2008,2012
Britton Johnsen,2004,2005
Alexander Johnson,2007,2008
Amir Johnson,2006,2018
Anthony Johnson,1998,2010
Armon Johnson,2011,2012
Brice Johnson,2017,2018
Carldell Johnson,2012,2012
Chris Johnson,2011,2013
Chris Johnson,2013,2016
Dakari Johnson,2018,2018
Darryl Johnson,1996,1996
Dave Johnson,1993,1994
DeMarco Johnson,2000,2000
DerMarr Johnson,2001,2008
Ervin Johnson,1994,2006
Ivan Johnson,2012,2013
JaJuan Johnson,2012,2012
James Johnson,2010,2018
Joe Johnson,2002,2018
Ken Johnson,2003,2003
Larry Johnson,1992,2001
Linton Johnson,2004,2009
Nick Johnson,2015,2015
Orlando Johnson,2013,2016
Stanley Johnson,2016,2018
Trey Johnson,2009,2012
Tyler Johnson,2015,2018
Wesley Johnson,2011,2018
Darius Johnson-Odom,2013,2014
Nikola Jokic,2016,2018
Alvin Jones,2002,2002
Askia Jones,1995,1995
Bobby Jones,2007,2008
Charles Jones,1999,2000
Dahntay Jones,2004,2017
Damian Jones,2017,2018
Damon Jones,1999,2009
DeQuan Jones,2013,2013
Derrick Jones,2017,2018
Dominique Jones,2011,2013
Dontae' Jones,1998,1998
Dwayne Jones,2006,2010
Eddie Jones,1995,2008
Fred Jones,2003,2009
Jalen Jones,2018,2018
James Jones,2004,2017
Jumaine Jones,2000,2007
Kevin Jones,2013,2013
Mark Jones,2005,2005
Perry Jones,2013,2015
Popeye Jones,1994,2004
Solomon Jones,2007,2014
Terrence Jones,2013,2017
Tyus Jones,2016,2018
Adonis Jordan,1994,1999
DeAndre Jordan,2009,2018
Jerome Jordan,2012,2015
Reggie Jordan,1994,2000
Thomas Jordan,1993,1993
Cory Joseph,2012,2018
Garth Joseph,2001,2001
Kris Joseph,2013,2013
Chris Kaman,2004,2016
Frank Kaminsky,2016,2018
Enes Kanter,2012,2018
Jason Kapono,2004,2012
Sergey Karasev,2014,2016
Coby Karl,2008,2010
Mario Kasun,2005,2006
Sasha Kaun,2016,2016
Adam Keefe,1993,2001
Ryan Kelly,2014,2017
Luke Kennard,2018,2018
D.J. Kennedy,2012,2012
Jonathan Kerner,1999,1999
Alec Kessler,1991,1994
Lari Ketner,2000,2001
Viktor Khryapa,2005,2008
Jason Kidd,1995,2013
Warren Kidd,1994,1994
Michael Kidd-Gilchrist,2013,2018
Sean Kilpatrick,2015,2018
Bo Kimble,1991,1993
Chris King,1994,1999
Frankie King,1996,1997
Gerard King,1999,2001
Jimmy King,1996,1997
Rich King,1992,1995
Tarence Kinsey,2007,2009
Andrei Kirilenko,2002,2015
Alex Kirk,2015,2015
Kerry Kittles,1997,2005
Maxi Kleber,2018,2018
Linas Kleiza,2006,2013
Brandin Knight,2005,2005
Brandon Knight,2012,2017
Brevin Knight,1998,2009
Negele Knight,1991,1999
Travis Knight,1997,2003
Furkan Korkmaz,2018,2018
Yaroslav Korolev,2006,2007
Kyle Korver,2004,2018
Kosta Koufos,2009,2018
Viacheslav Kravtsov,2013,2014
Nenad Krstic,2005,2011
Toni Kukoc,1994,2006
Rob Kurz,2009,2009
Ibo Kutluay,2005,2005
Kyle Kuzma,2018,2018
Ognjen Kuzmic,2014,2015
Mindaugas Kuzminskas,2017,2018
Skal Labissiere,2017,2018
Christian Laettner,1993,2005
Oliver Lafayette,2010,2010
Raef LaFrentz,1999,2008
Doron Lamb,2013,2014
Jeremy Lamb,2013,2018
Maciej Lampe,2004,2006
Sean Lampley,2003,2004
Carl Landry,2008,2016
Marcus Landry,2010,2010
Antonio Lang,1995,2000
James Lang,2007,2007
Trajan Langdon,2000,2002
Keith Langford,2008,2008
Dan Langhi,2001,2004
Nicolas Laprovittola,2017,2017
Shane Larkin,2014,2018
Rusty LaRue,1998,2004
Stephane Lasme,2008,2008
Priest Lauderdale,1997,1998
Joffrey Lauvergne,2015,2018
Zach LaVine,2015,2017
Acie Law,2008,2011
Gani Lawal,2011,2011
Jason Lawson,1998,1998
Ty Lawson,2010,2017
Jake Layman,2017,2018
T.J. Leaf,2018,2018
Ricky Ledo,2014,2015
Courtney Lee,2009,2018
David Lee,2006,2017
Doug Lee,1992,1995
Kurk Lee,1991,1991
Malcolm Lee,2012,2015
Alex Len,2014,2018
Voshon Lenard,1996,2006
Kawhi Leonard,2012,2018
Meyers Leonard,2013,2018
Travis Leslie,2012,2012
Jon Leuer,2012,2018
Caris LeVert,2017,2018
Cedric Lewis,1996,1996
Martin Lewis,1996,1997
Quincy Lewis,2000,2004
Rashard Lewis,1999,2014
Marcus Liberty,1991,1994
DeAndre Liggins,2012,2018
Damian Lillard,2013,2018
Jeremy Lin,2011,2018
Randy Livingston,1997,2007
Shaun Livingston,2005,2018
Horacio Llamas Grey,1997,1998
Ian Lockhart,1991,1991
Art Long,2001,2003
Shawn Long,2017,2017
Luc Longley,1992,2001
Kevon Looney,2016,2018
Brook Lopez,2009,2018
Felipe Lopez,1999,2002
Raul Lopez,2004,2005
Robin Lopez,2009,2018
Ryan Lorthridge,1995,1995
Kevin Love,2009,2018
Kyle Lowry,2007,2018
Kalin Lucas,2015,2015
John Lucas III,2006,2017
Tyronn Lue,1999,2009
Timothe Luwawu-Cabarrot,2017,2018
Tyler Lydon,2018,2018
Trey Lyles,2016,2018
George Lynch,1994,2005
Kevin Lynch,1992,1993
Sheldon Mac,2017,2017
Todd MacCulloch,2000,2003
Scott Machado,2013,2013
Arvydas Macijauskas,2006,2006
Sam Mack,1993,2002
Shelvin Mack,2012,2018
Malcolm Mackey,1994,1994
Vernon Macklin,2012,2012
Don MacLean,1993,2001
Mark Macon,1992,1999
Tito Maddox,2003,2003
Gerald Madkins,1994,1998
Mark Madsen,2001,2009
Josh Magette,2018,2018
Corey Maggette,2000,2013
Jamaal Magloire,2001,2012
Ian Mahinmi,2008,2018
Renaldo Major,2007,2007
Thon Maker,2017,2018
Matt Maloney,1997,2003
Rich Manning,1996,1997
Devyn Marble,2015,2016
Stephon Marbury,1997,2009
Shawn Marion,2000,2015
Boban Marjanovic,2016,2018
Lauri Markkanen,2018,2018
Damir Markota,2007,2007
Sean Marks,1999,2011
Donny Marshall,1996,2003
Donyell Marshall,1995,2009
Kendall Marshall,2013,2016
Rawle Marshall,2006,2007
Bob Martin,1994,1995
Cartier Martin,2009,2015
Cuonzo Martin,1996,1997
Darrick Martin,1995,2008
Jarell Martin,2016,2018
Kenyon Martin,2001,2015
Kevin Martin,2005,2016
Jamal Mashburn,1994,2004
Desmond Mason,2001,2010
Frank Mason,2018,2018
Roger Mason,2003,2014
Tony Massenburg,1991,2005
Mangok Mathiang,2018,2018
Wesley Matthews,2010,2018
Marlon Maxey,1993,1994
Jason Maxiell,2006,2015
Sean May,2006,2010
Lee Mayberry,1993,1999
Tharon Mayes,1992,1992
Eric Maynor,2010,2014
O.J. Mayo,2009,2016
Travis Mays,1991,1993
Luc Mbah a Moute,2009,2018
James Michael McAdoo,2015,2018
Ray McCallum,2014,2016
Rashad McCants,2006,2009
Kelly McCarty,1999,1999
Walter McCarty,1997,2006
Amal McCaskill,1997,2004
Patrick McCaw,2017,2018
Dan McClintock,2001,2001
C.J. McCollum,2014,2018
T.J. McConnell,2016,2018
Jelani McCoy,1999,2008
Chris McCray,2007,2007
Chris McCullough,2016,2018
Clint McDaniel,1996,1996
K.J. McDaniels,2015,2017
Doug McDermott,2015,2018
Michael McDonald,1998,1998
Antonio McDyess,1996,2011
Ivan McFarlin,2007,2007
Mitch McGary,2015,2016
JaVale McGee,2009,2018
Tracy McGrady,1998,2012
Rodney McGruder,2017,2017
Dominic McGuire,2008,2013
Jim McIlvaine,1995,2001
Jeff McInnis,1997,2008
Aaron McKie,1995,2007
Alfonzo McKinnie,2018,2018
Ben McLemore,2014,2018
Keith McLeod,2004,2007
Roshown McLeod,1999,2001
Jerel McNeal,2015,2015
Paul McPherson,2001,2001
Jordan McRae,2016,2017
Josh McRoberts,2008,2017
Stanislav Medvedenko,2001,2007
Darnell Mee,1994,1995
Jodie Meeks,2010,2018
Salah Mejri,2016,2018
Gal Mekel,2014,2015
Fab Melo,2013,2013
Pops Mensah-Bonsu,2007,2011
Ron Mercer,1998,2005
Loren Meyer,1996,1999
Jordan Mickey,2016,2018
Khris Middleton,2013,2018
Chris Mihm,2001,2009
Aaron Miles,2006,2006
C.J. Miles,2006,2018
Darius Miles,2001,2009
Marko Milic,1998,1999
Darko Milicic,2004,2013
Andre Miller,2000,2016
Anthony Miller,1995,2005
Brad Miller,1999,2012
Darius Miller,2013,2018
Malcolm Miller,2018,2018
Mike Miller,2001,2017
Oliver Miller,1993,2004
Quincy Miller,2013,2015
Chris Mills,1994,2003
Patty Mills,2010,2018
Terry Mills,1991,2001
Elijah Millsap,2015,2017
Paul Millsap,2007,2018
Harold Miner,1993,1996
Yao Ming,2003,2011
Greg Minor,1995,1999
Nikola Mirotic,2015,2018
Jason Miskiri,2000,2000
Donovan Mitchell,2018,2018
Tony Mitchell,2014,2014
Tony Mitchell,2014,2014
Cuttino Mobley,1999,2009
Eric Mobley,1995,1997
Nazr Mohammed,1999,2016
Jerome Moiso,2001,2005
Sergei Monia,2006,2006
Malik Monk,2018,2018
Greg Monroe,2011,2018
Rodney Monroe,1992,1992
Luis Montero,2016,2016
Eric Montross,1995,2002
Jamario Moon,2008,2012
E'Twaun Moore,2012,2018
Mikki Moore,1999,2012
Tracy Moore,1992,1997
Eric Moreland,2015,2018
Darren Morningstar,1994,1994
Darius Morris,2012,2015
Isaiah Morris,1993,1993
Marcus Morris,2012,2018
Markieff Morris,2012,2018
Monte Morris,2018,2018
Randolph Morris,2007,2010
Terence Morris,2002,2006
Adam Morrison,2007,2010
Anthony Morrow,2009,2017
Dwayne Morton,1995,1995
Lawrence Moten,1996,1998
Donatas Motiejunas,2013,2017
Johnathan Motley,2018,2018
Hanno Mottola,2001,2002
Arnett Moultrie,2013,2014
Alonzo Mourning,1993,2008
Timofey Mozgov,2011,2018
Emmanuel Mudiay,2016,2018
Shabazz Muhammad,2014,2018
Byron Mullens,2010,2014
Todd Mundt,1996,1996
Xavier Munford,2016,2016
Chris Munk,1991,1991
Eric Murdock,1992,2000
Gheorghe Muresan,1994,2000
Erik Murphy,2014,2014
Kevin Murphy,2013,2013
Troy Murphy,2002,2013
Dejounte Murray,2017,2018
Jamal Murray,2017,2018
Lamond Murray,1995,2006
Ronald Murray,2003,2010
Tracy Murray,1993,2004
Toure' Murry,2014,2015
Mike Muscala,2014,2018
Jerrod Mustaf,1991,1994
Dikembe Mutombo,1992,2009
Martin Muursepp,1997,1998
Hamady N'Diaye,2011,2014
Makhtar N'Diaye,1999,1999
Mamadou N'Diaye,2001,2005
Boniface N'Dong,2006,2006
Bostjan Nachbar,2003,2008
Abdel Nader,2018,2018
Lee Nailon,2001,2006
Eduardo Najera,2001,2012
Larry Nance,2016,2018
Shabazz Napier,2015,2018
Steve Nash,1997,2014
Howard Nathan,1996,1996
Juan Carlos Navarro,2008,2008
Maurice Ndour,2017,2017
Gary Neal,2011,2017
Nemanja Nedovic,2014,2014
DeMarcus Nelson,2009,2009
Jameer Nelson,2005,2018
Ruben Nembhard,1997,1997
Tyrone Nesby,1999,2002
Rasho Nesterovic,1999,2010
Raul Neto,2016,2018
Melvin Newbern,1993,1993
Ivano Newbill,1995,1998
Ira Newble,2001,2008
Georges Niang,2017,2017
Demetris Nichols,2008,2009
Andrew Nicholson,2013,2017
Gaylon Nickerson,1997,1997
Joakim Noah,2008,2018
Andres Nocioni,2005,2012
David Noel,2007,2007
Nerlens Noel,2015,2018
Lucas Nogueira,2015,2018
Jeff Nordgaard,1998,1998
Moochie Norris,1997,2006
Steve Novak,2007,2017
Dirk Nowitzki,1999,2018
Frank Ntilikina,2018,2018
James Nunnally,2014,2014
Jusuf Nurkic,2015,2018
David Nwaba,2017,2018
Julius Nwosu,1995,1995
Charles O'Bannon,1998,1999
Ed O'Bannon,1996,1997
J.J. O'Brien,2016,2016
Johnny O'Bryant,2015,2018
Patrick O'Bryant,2007,2010
Jermaine O'Neal,1997,2014
Shaquille O'Neal,1993,2011
Royce O'Neale,2018,2018
Kyle O'Quinn,2013,2018
Dan O'Sullivan,1991,1996
Fabricio Oberto,2006,2011
Daniel Ochefu,2017,2017
Greg Oden,2009,2014
Lamar Odom,2000,2013
Alan Ogg,1991,1993
Tim Ohlbrecht,2013,2013
Semi Ojeleye,2018,2018
Emeka Okafor,2005,2013
Jahlil Okafor,2016,2018
Mehmet Okur,2003,2012
Victor Oladipo,2014,2018
Brian Oliver,1991,1998
Dean Oliver,2002,2003
Jimmy Oliver,1992,1999
Kevin Ollie,1998,2010
Michael Olowokandi,1999,2007
Kelly Olynyk,2014,2018
Arinze Onuaku,2014,2017
Chinanu Onuaku,2017,2017
Daniel Orton,2012,2014
Cedi Osman,2018,2018
Greg Ostertag,1996,2006
Matt Othick,1993,1993
Kelly Oubre,2016,2018
Bo Outlaw,1994,2008
Travis Outlaw,2004,2014
Doug Overton,1993,2004
Andre Owens,2006,2008
Billy Owens,1992,2001
Chris Owens,2003,2003
Keith Owens,1992,1992
Larry Owens,2011,2012
Ray Owes,1997,1997
Olumide Oyedeji,2001,2003
Zaza Pachulia,2004,2018
Robert Pack,1992,2004
Gerald Paddio,1991,1994
Scott Padgett,2000,2007
Marcus Paige,2018,2018
Milt Palacio,2000,2006
Walter Palmer,1991,1993
Andy Panko,2001,2001
Georgios Papagiannis,2017,2018
Kostas Papanikolaou,2015,2016
Jannero Pargo,2003,2015
Jeremy Pargo,2012,2013
Anthony Parker,1998,2012
Jabari Parker,2015,2017
Smush Parker,2003,2008
Tony Parker,2002,2018
Cherokee Parks,1996,2004
Chandler Parsons,2012,2018
Andrae Patterson,1999,2000
Lamar Patterson,2016,2017
Patrick Patterson,2011,2018
Ruben Patterson,1999,2008
Brandon Paul,2018,2018
Chris Paul,2006,2018
Sasha Pavlovic,2004,2013
Adreian Payne,2015,2018
Cameron Payne,2016,2017
Elfrid Payton,2015,2018
Gary Payton,1991,2007
Gary Payton,2017,2018
Oleksiy Pecherov,2008,2010
Anthony Peeler,1993,2005
Nikola Pekovic,2011,2016
Mike Penberthy,2001,2002
Desmond Penigar,2004,2004
Kirk Penney,2004,2005
Mike Peplowski,1994,1996
Kendrick Perkins,2004,2016
Kosta Perovic,2008,2008
London Perrantes,2018,2018
Elliot Perry,1992,2002
Wesley Person,1995,2005
Alec Peters,2018,2018
Morris Peterson,2001,2011
Johan Petro,2006,2013
Richard Petruska,1994,1994
Derrick Phelps,1995,1995
Bobby Phills,1992,2000
Eric Piatkowski,1995,2008
Paul Pierce,1999,2017
Mickael Pietrus,2004,2013
Kevinn Pinkney,2007,2007
Dexter Pittman,2011,2014
Zoran Planinic,2004,2006
Tibor Pleiss,2016,2016
Marshall Plumlee,2017,2017
Mason Plumlee,2014,2018
Miles Plumlee,2013,2018
Pavel Podkolzin,2005,2006
Jakob Poeltl,2017,2018
Scot Pollard,1998,2008
Quincy Pondexter,2011,2018
Mark Pope,1998,2005
Chris Porter,2001,2001
Otto Porter,2014,2018
Bobby Portis,2016,2018
Kristaps Porzingis,2016,2018
James Posey,2000,2011
Lavor Postell,2001,2003
Vitaly Potapenko,1997,2007
Leon Powe,2007,2011
Dwight Powell,2015,2018
Josh Powell,2006,2014
Kasib Powell,2008,2008
Norman Powell,2016,2018
Roger Powell,2007,2007
Alex Poythress,2017,2018
Phil Pressey,2014,2016
A.J. Price,2010,2015
Brent Price,1993,2002
Ronnie Price,2006,2017
Pablo Prigioni,2013,2016
Tayshaun Prince,2003,2016
Kevin Pritchard,1991,1996
Laron Profit,2000,2006
Gabe Pruitt,2008,2009
Joel Przybilla,2001,2013
Anthony Pullard,1993,1993
Jacob Pullen,2018,2018
Zhou Qi,2018,2018
Tim Quarterman,2017,2017
Chris Quinn,2007,2013
Ivan Rabb,2018,2018
Dino Radja,1994,1997
Vladimir Radmanovic,2002,2013
Aleksandar Radojevic,2000,2005
Miroslav Raduljica,2014,2015
Igor Rakocevic,2003,2003
Peter John Ramos,2005,2005
Mark Randall,1992,1995
Chasson Randle,2017,2017
Julius Randle,2015,2018
Anthony Randolph,2009,2014
Shavlik Randolph,2006,2015
Zach Randolph,2002,2018
Theo Ratliff,1996,2011
Andy Rautins,2011,2011
Allan Ray,2007,2007
Zeljko Rebraca,2002,2006
Eldridge Recasner,1995,2002
Michael Redd,2001,2012
J.J. Redick,2007,2018
Justin Reed,2005,2007
Willie Reed,2016,2018
Bryant Reeves,1996,2001
Khalid Reeves,1995,2000
Don Reid,1996,2003
Ryan Reid,2012,2012
Jared Reiner,2005,2007
Terrence Rencher,1996,1996
Efthimi Rentzias,2003,2003
Shawn Respert,1996,1999
Rodrick Rhodes,1998,2000
Glen Rice,2014,2015
Chris Richard,2008,2010
Jason Richardson,2002,2015
Jeremy Richardson,2007,2009
Josh Richardson,2016,2018
Malachi Richardson,2017,2018
Norm Richardson,2002,2002
Quentin Richardson,2001,2013
Isaiah Rider,1994,2002
Luke Ridnour,2004,2015
Antoine Rigaudeau,2003,2003
Eric Riley,1994,1999
Austin Rivers,2013,2018
Andre Roberson,2014,2018
Anthony Roberson,2006,2009
Terrance Roberson,2001,2001
Brian Roberts,2013,2017
Lawrence Roberts,2006,2007
Stanley Roberts,1992,2000
Ryan Robertson,2000,2000
Bernard Robinson,2005,2007
Chris Robinson,1997,1998
Eddie Robinson,2000,2004
Glenn Robinson,1995,2005
Glenn Robinson,2015,2017
Jamal Robinson,2001,2001
James Robinson,1994,2001
Larry Robinson,1991,2002
Nate Robinson,2006,2016
Rumeal Robinson,1991,1997
Thomas Robinson,2013,2017
Sergio Rodriguez,2007,2017
Lou Roe,1996,1997
Carlos Rogers,1995,2002
Rodney Rogers,1994,2005
Roy Rogers,1997,2000
Rajon Rondo,2007,2018
Sean Rooks,1993,2004
Derrick Rose,2009,2018
Jalen Rose,1995,2007
Malik Rose,1997,2009
Quinton Ross,2005,2011
Terrence Ross,2013,2018
Brandon Roy,2007,2013
Clifford Rozier,1995,1998
Terry Rozier,2016,2018
Ricky Rubio,2012,2018
Guy Rucker,2003,2003
Damjan Rudez,2015,2017
Michael Ruffin,2000,2009
Trevor Ruffin,1995,1996
Stefano Rusconi,1996,1996
Brandon Rush,2009,2017
Kareem Rush,2003,2010
Bryon Russell,1994,2006
D'Angelo Russell,2016,2018
Walker Russell,2012,2012
Arvydas Sabonis,1996,2003
Domantas Sabonis,2017,2018
Robert Sacre,2013,2016
John Salmons,2003,2015
Kevin Salvadori,1997,1998
Soumaila Samake,2001,2003
Cheikh Samb,2008,2009
JaKarr Sampson,2015,2018
Jamal Sampson,2003,2007
Samardo Samuels,2011,2013
Pepe Sanchez,2001,2003
Larry Sanders,2011,2017
Melvin Sanders,2006,2006
Daniel Santiago,2001,2005
Dario Saric,2017,2018
Jason Sasser,1997,1999
Jeryl Sasser,2002,2003
Tomas Satoransky,2017,2018
Kenny Satterfield,2002,2003
Predrag Savovic,2003,2003
Brian Scalabrine,2002,2012
Alex Scales,2006,2006
Steve Scheffler,1991,1997
Luke Schenscher,2006,2007
Dwayne Schintzius,1991,1999
Dennis Schroder,2014,2018
Luis Scola,2008,2017
Brent Scott,1997,1997
Dennis Scott,1991,2000
James Scott,1997,1997
Mike Scott,2013,2018
Shawnelle Scott,1997,2002
Shea Seals,1998,1998
Malik Sealy,1993,2000
Thabo Sefolosha,2007,2018
Josh Selby,2012,2013
Wayne Selden,2017,2018
Mouhamed Sene,2007,2009
Kevin Seraphin,2011,2017
Ansu Sesay,2002,2005
Ramon Sessions,2008,2018
Ha Seung-Jin,2005,2006
Mustafa Shakur,2011,2014
God Shammgod,1998,1998
Walter Sharpe,2009,2009
Casey Shaw,1999,1999
Tornike Shengelia,2013,2014
Jeffrey Sheppard,1999,1999
Paul Shirley,2003,2005
Iman Shumpert,2012,2018
Alexey Shved,2013,2015
Pascal Siakam,2017,2018
Xavier Silas,2012,2012
Garret Siler,2011,2011
Wayne Simien,2006,2007
Ben Simmons,2018,2018
Bobby Simmons,2002,2012
Cedric Simmons,2007,2009
Jonathon Simmons,2016,2018
Kobi Simmons,2018,2018
Lionel Simmons,1991,1997
Miles Simon,1999,1999
Dickey Simpkins,1995,2002
Alvin Sims,1999,1999
Courtney Sims,2008,2009
Henry Sims,2013,2016
Kyle Singler,2013,2018
Sean Singletary,2009,2009
Chris Singleton,2012,2014
James Singleton,2006,2012
Peyton Siva,2014,2014
Brian Skinner,1999,2012
Reggie Slater,1995,2003
Tamar Slay,2003,2005
Donald Sloan,2012,2016
Uros Slokar,2007,2007
Marcus Smart,2015,2018
Charles Smith,1998,2006
Chris Smith,1993,1995
Chris Smith,2014,2014
Craig Smith,2007,2012
Dennis Smith,2018,2018
Donta Smith,2005,2006
Doug Smith,1992,1996
Greg Smith,2012,2016
Ish Smith,2011,2018
J.R. Smith,2005,2018
Jabari Smith,2001,2005
Jason Smith,2008,2018
Jerry Smith,2012,2012
Joe Smith,1996,2011
Josh Smith,2005,2018
LaBradford Smith,1992,1994
Leon Smith,2002,2004
Michael Smith,1995,2001
Mike Smith,2001,2001
Nolan Smith,2012,2013
Reggie Smith,1993,1994
Russ Smith,2015,2016
Steve Smith,1992,2005
Steven Smith,2007,2007
Stevin Smith,1997,1997
Theron Smith,2004,2005
Tony Smith,1991,2001
Tony Snell,2014,2018
Eric Snow,1996,2008
Kirk Snyder,2005,2008
Will Solomon,2002,2009
Darius Songaila,2004,2011
James Southerland,2014,2014
Pape Sow,2005,2007
Vassilis Spanoulis,2007,2007
Marreese Speights,2009,2018
Andre Spencer,1993,1994
Elmore Spencer,1993,1997
Felton Spencer,1991,2002
Tiago Splitter,2011,2017
Latrell Sprewell,1993,2005
Ryan Stack,1999,2000
Jerry Stackhouse,1996,2013
Nik Stauskas,2015,2018
Matt Steigenga,1997,1997
Vladimir Stepania,1999,2004
D.J. Stephens,2014,2014
Joe Stephens,1997,2000
Lance Stephenson,2011,2018
Alex Stepheson,2016,2016
Barry Stevens,1993,1993
DeShawn Stevenson,2001,2013
Kebu Stewart,1998,1998
Larry Stewart,1992,1997
Michael Stewart,1998,2005
Greg Stiemsma,2012,2015
Bryant Stith,1993,2002
David Stockton,2015,2015
Peja Stojakovic,1999,2011
Ed Stokes,1998,1998
Jarnell Stokes,2015,2017
Diamond Stone,2017,2017
Julyan Stone,2012,2018
Awvee Storey,2005,2008
Damon Stoudamire,1996,2008
Salim Stoudamire,2006,2008
Amar'e Stoudemire,2003,2016
D.J. Strawberry,2008,2008
Erick Strickland,1997,2005
Mark Strickland,1995,2003
Derek Strong,1992,2001
Lamont Strothers,1992,1993
Rodney Stuckey,2008,2017
Jared Sullinger,2013,2017
DaJuan Summers,2010,2013
Bruno Sundov,1999,2005
Bob Sura,1996,2005
Greg Sutton,1992,1996
Caleb Swanigan,2018,2018
Mike Sweetney,2004,2007
Robert Swift,2005,2009
Stromile Swift,2001,2009
Aaron Swinson,1995,1995
Pape Sy,2011,2011
Larry Sykes,1996,1996
Brett Szabo,1997,1997
Wally Szczerbiak,2000,2009
Zan Tabak,1995,2001
Yuta Tabuse,2005,2005
Chris Taft,2006,2006
Dragan Tarlac,2001,2001
Jayson Tatum,2018,2018
Edy Tavares,2016,2017
Donell Taylor,2006,2007
Isaiah Taylor,2017,2018
Jeffery Taylor,2013,2015
Jermaine Taylor,2010,2011
Johnny Taylor,1998,2000
Maurice Taylor,1998,2007
Mike Taylor,2009,2009
Tyshawn Taylor,2013,2014
Jeff Teague,2010,2018
Marquis Teague,2013,2014
Mirza Teletovic,2013,2018
Sebastian Telfair,2005,2015
Garrett Temple,2010,2018
Milos Teodosic,2018,2018
Jason Terry,2000,2018
Hasheem Thabeet,2010,2014
Daniel Theis,2018,2018
Adonis Thomas,2014,2014
Billy Thomas,2005,2008
Carl Thomas,1992,1998
Charles Thomas,1992,1992
Etan Thomas,2002,2011
Irving Thomas,1991,1991
Isaiah Thomas,2012,2017
Jamel Thomas,2000,2001
James Thomas,2005,2006
John Thomas,1998,2006
Kenny Thomas,2000,2010
Kurt Thomas,1996,2013
Lance Thomas,2012,2018
Malcolm Thomas,2012,2015
Tim Thomas,1998,2010
Tyrus Thomas,2007,2015
Trey Thompkins,2012,2012
Brooks Thompson,1995,1998
Dijon Thompson,2006,2007
Hollis Thompson,2014,2017
Jason Thompson,2009,2016
Kevin Thompson,1994,1994
Klay Thompson,2012,2018
Mychel Thompson,2012,2012
Stephen Thompson,1992,1992
Tristan Thompson,2012,2018
Al Thornton,2008,2011
Marcus Thornton,2010,2017
Sindarius Thornwell,2018,2018
Jamaal Tinsley,2002,2014
Mike Tobey,2017,2017
Anthony Tolliver,2009,2018
Andy Toolson,1991,1996
Oscar Torres,2002,2003
Axel Toupane,2016,2017
Keith Tower,1994,1997
Karl-Anthony Towns,2016,2018
Robert Traylor,1999,2005
Gary Trent,1996,2004
Jeff Trepagnier,2002,2004
Cezary Trybanski,2003,2004
Jake Tsakalidis,2001,2007
Nikoloz Tskitishvili,2003,2006
Alando Tucker,2008,2010
Anthony Tucker,1995,1995
P.J. Tucker,2007,2018
Ronny Turiaf,2006,2015
Mirsad Turkcan,2000,2000
Hedo Turkoglu,2001,2015
Evan Turner,2011,2018
John Turner,1992,1992
Myles Turner,2016,2018
Wayne Turner,2000,2000
B.J. Tyler,1995,1995
Jeremy Tyler,2012,2014
Edwin Ubiles,2012,2012
Ekpe Udoh,2011,2018
Ime Udoka,2004,2011
Beno Udrih,2005,2017
Roko Ukic,2009,2010
Tyler Ulis,2017,2018
Jarrod Uthoff,2017,2017
Ben Uzoh,2011,2012
Jonas Valanciunas,2013,2018
Denzel Valentine,2017,2018
Nick Van Exel,1994,2006
Keith Van Horn,1998,2006
Logan Vander Velden,1996,1996
David Vanterpool,2001,2001
Fred VanVleet,2017,2018
Ratko Varda,2002,2002
Anderson Varejao,2005,2017
Jarvis Varnado,2013,2014
Greivis Vasquez,2011,2017
David Vaughn,1996,1999
Jacque Vaughn,1998,2009
Rashad Vaughn,2016,2018
Loy Vaught,1991,2001
Jan Vesely,2012,2014
Gundars Vetra,1993,1993
Joao Vianna,1992,1992
Charlie Villanueva,2006,2016
Marcus Vinicius,2007,2008
Fred Vinson,1995,2000
Noah Vonleh,2015,2018
Jake Voskuhl,2001,2009
Slavko Vranes,2004,2004
Stojko Vrankovic,1991,1999
Jackson Vroman,2005,2006
Nikola Vucevic,2012,2018
Sasha Vujacic,2005,2017
Dwyane Wade,2004,2018
Von Wafer,2006,2012
Dajuan Wagner,2003,2007
Dion Waiters,2013,2018
Antoine Walker,1997,2008
Henry Walker,2009,2015
Kemba Walker,2012,2018
Samaki Walker,1997,2006
John Wall,2011,2018
Ben Wallace,1997,2012
Gerald Wallace,2002,2015
John Wallace,1997,2004
Rasheed Wallace,1996,2013
Taurean Waller-Prince,2017,2018
Matt Walsh,2006,2006
Rex Walters,1994,2000
Derrick Walton,2018,2018
Luke Walton,2004,2013
Charlie Ward,1995,2005
Casper Ware,2014,2014
T.J. Warren,2015,2018
Willie Warren,2011,2011
Hakim Warrick,2006,2013
Darius Washington,2008,2008
Eric Washington,1998,1999
Darryl Watkins,2008,2012
C.J. Watson,2008,2017
Earl Watson,2002,2014
Jamie Watson,1995,1999
Maalik Wayns,2013,2014
David Wear,2015,2015
Travis Wear,2015,2015
Clarence Weatherspoon,1993,2005
Kyle Weaver,2009,2011
Marcus Webb,1993,1993
Chris Webber,1994,2008
Briante Weber,2016,2018
Jeff Webster,1996,1996
Martell Webster,2006,2015
Sonny Weems,2009,2016
Bonzi Wells,1999,2008
Bubba Wells,1998,1998
Jiri Welsch,2003,2006
Matt Wenstrom,1994,1994
Robert Werdann,1993,1997
David Wesley,1994,2007
David West,2004,2018
Delonte West,2005,2012
Mario West,2008,2011
Russell Westbrook,2009,2018
Robert Whaley,2006,2006
DeJuan Wheat,1998,1999
Tyson Wheeler,1999,1999
D.J. White,2009,2014
Derrick White,2018,2018
Jahidi White,1999,2005
James White,2007,2013
Okaro White,2017,2018
Rodney White,2002,2005
Royce White,2014,2014
Isaiah Whitehead,2017,2018
Donald Whiteside,1997,1998
Hassan Whiteside,2011,2018
Dwayne Whitfield,1996,1996
Chris Whitney,1994,2004
Shayne Whittington,2015,2016
Andrew Wiggins,2015,2018
C.J. Wilcox,2015,2017
Chris Wilcox,2003,2013
Jacob Wiley,2018,2018
Damien Wilkins,2005,2018
Mike Wilks,2003,2010
Aaron Williams,1994,2008
Alan Williams,2016,2017
Alvin Williams,1998,2007
Brandon Williams,1998,2003
C.J. Williams,2018,2018
Corey Williams,1993,1994
Deron Williams,2006,2017
Derrick Williams,2012,2017
Elliot Williams,2012,2016
Eric Williams,1996,2007
Frank Williams,2003,2005
Jason Williams,1999,2011
Jawad Williams,2009,2011
Jay Williams,2003,2003
Jayson Williams,1991,1999
Jerome Williams,1997,2005
Jordan Williams,2012,2012
Justin Williams,2007,2008
Kenny Williams,1991,1994
Lorenzo Williams,1993,2000
Lou Williams,2006,2018
Marcus Williams,2007,2010
Marcus Williams,2008,2009
Marvin Williams,2006,2018
Matt Williams,2018,2018
Mo Williams,2004,2016
Monty Williams,1995,2003
Reggie Williams,2010,2017
Scott Williams,1991,2005
Sean Williams,2008,2012
Shammond Williams,1999,2007
Shawne Williams,2007,2015
Shelden Williams,2007,2012
Terrence Williams,2010,2013
Travis Williams,1998,1999
Troy Williams,2017,2018
Walt Williams,1993,2003
Corliss Williamson,1996,2007
Dedric Willoughby,2000,2000
D.J. Wilson,2018,2018
Jamil Wilson,2018,2018
Trevor Wilson,1991,1996
Kyle Wiltjer,2017,2017
Kennard Winchester,1991,1993
Dontonio Wingfield,1995,1998
Justise Winslow,2016,2018
Trevor Winter,1999,1999
Jeff Withey,2014,2018
Ruben Wolkowyski,2001,2003
Nate Wolters,2014,2018
Christian Wood,2016,2017
Loren Woods,2002,2008
Qyntel Woods,2003,2006
Randy Woods,1993,1996
Metta World Peace,2000,2017
Antoine Wright,2006,2011
Bracey Wright,2006,2007
Brandan Wright,2008,2018
Chris Wright,2012,2014
Chris Wright,2013,2013
Delon Wright,2016,2018
Dorell Wright,2005,2015
Howard Wright,1991,1993
Julian Wright,2008,2011
Lorenzen Wright,1997,2009
Luther Wright,1994,1994
Sharone Wright,1995,1998
Tony Wroten,2013,2016
A.J. Wynder,1991,1991
Guerschon Yabusele,2018,2018
Vincent Yarbrough,2003,2003
James Young,2015,2017
Joe Young,2016,2018
Korleone Young,1999,1999
Nick Young,2008,2018
Sam Young,2010,2013
Thaddeus Young,2008,2018
Tim Young,2000,2000
Sun Yue,2009,2009
Cody Zeller,2014,2018
Luke Zeller,2013,2013
Tyler Zeller,2013,2018
Wang Zhizhi,2001,2005
George Zidek,1996,1998
Derrick Zimmerman,2006,2006
Stephen Zimmerman,2017,2017
Paul Zipser,2017,2018
Ante Zizic,2018,2018
Ivica Zubac,2017,2018
