,Player,year_start,year_end
0,Alaa Abdelnaby,1991,1995
1,Mahmoud Abdul-Rauf,1991,2001
2,Tariq Abdul-Wahad,1998,2003
3,Shareef Abdur-Rahim,1997,2008
4,Alex Abrines,2017,2018
5,Alex Acker,2006,2009
6,Quincy Acy,2013,2018
7,Hassan Adams,2007,2009
8,Jordan Adams,2015,2016
9,Steven Adams,2014,2018
10,Bam Adebayo,2018,2018
11,Jeff Adrien,2011,2015
12,Arron Afflalo,2008,2018
13,Maurice Ager,2007,2011
14,Blake Ahearn,2008,2012
15,Alexis Ajinca,2009,2017
16,Josh Akognon,2013,2013
17,Solomon Alabi,2011,2012
18,Furkan Aldemir,2015,2015
19,Cole Aldrich,2011,2018
20,LaMarcus Aldridge,2007,2018
21,Cliff Alexander,2016,2016
22,Cory Alexander,1996,2005
23,Courtney Alexander,2001,2003
24,Gary Alexander,1994,1994
25,Joe Alexander,2009,2010
26,Victor Alexander,1992,2002
27,Jarrett Allen,2018,2018
28,Jerome Allen,1996,1997
29,Kadeem Allen,2018,2018
30,Lavoy Allen,2012,2017
31,Malik Allen,2002,2011
32,Ray Allen,1997,2014
33,Tony Allen,2005,2018
34,Lance Allred,2008,2008
35,Morris Almond,2008,2012
36,Derrick Alston,1995,1997
37,Rafer Alston,2000,2010
38,Peter Aluma,1999,1999
39,John Amaechi,1996,2003
40,Ashraf Amaya,1996,1997
41,Al-Farouq Aminu,2011,2018
42,Lou Amundson,2007,2016
43,Chris Andersen,2002,2017
44,David Andersen,2010,2011
45,Alan Anderson,2006,2017
46,Antonio Anderson,2010,2010
47,Derek Anderson,1998,2008
48,Eric Anderson,1993,1994
49,James Anderson,2011,2016
50,Justin Anderson,2016,2018
51,Kenny Anderson,1992,2005
52,Kyle Anderson,2015,2018
53,Ryan Anderson,2009,2018
54,Shandon Anderson,1997,2006
55,Martynas Andriuskevicius,2006,2006
56,Ike Anigbogu,2018,2018
57,Chris Anstey,1998,2000
58,Giannis Antetokounmpo,2014,2018
59,Thanasis Antetokounmpo,2016,2016
60,Carmelo Anthony,2004,2018
61,Greg Anthony,1992,2002
62,Joel Anthony,2008,2017
63,Pero Antic,2014,2015
64,OG Anunoby,2018,2018
65,Keith Appling,2016,2016
66,Rafael Araujo,2005,2007
67,Robert Archibald,2003,2004
68,Ryan Arcidiacono,2018,2018
69,Gilbert Arenas,2002,2012
70,Trevor Ariza,2005,2018
71,Brandon Armstrong,2002,2004
72,Darrell Armstrong,1995,2008
73,Hilton Armstrong,2007,2014
74,Carlos Arroyo,2002,2011
75,Darrell Arthur,2009,2018
76,Jamel Artis,2018,2018
77,Omer Asik,2011,2018
78,Keith Askins,1991,1999
79,Chucky Atkins,2000,2010
80,Stacey Augmon,1992,2006
81,D.J. Augustin,2009,2018
82,James Augustine,2007,2008
83,Isaac Austin,1992,2002
84,Anthony Avent,1993,2000
85,William Avery,2000,2002
86,Gustavo Ayon,2012,2014
87,Jeff Ayres,2010,2016
88,Kelenna Azubuike,2007,2012
89,Chris Babb,2014,2014
90,Luke Babbitt,2011,2018
91,Milos Babic,1991,1992
92,Dwayne Bacon,2018,2018
93,Dalibor Bagaric,2001,2003
94,Toby Bailey,1999,2000
95,Cameron Bairstow,2015,2016
96,LaMark Baker,1999,1999
97,Maurice Baker,2005,2005
98,Ron Baker,2017,2018
99,Vin Baker,1994,2006
100,Wade Baldwin,2017,2017
101,Renaldo Balkman,2007,2012
102,Cedric Ball,1991,1991
103,Lonzo Ball,2018,2018
104,Marcus Banks,2004,2011
105,Leandro Barbosa,2004,2017
106,Steve Bardo,1992,1996
107,J.J. Barea,2007,2018
108,Andrea Bargnani,2007,2016
109,Erick Barkley,2001,2002
110,Harrison Barnes,2013,2018
111,Matt Barnes,2004,2017
112,Andre Barrett,2005,2008
113,Earl Barron,2006,2015
114,Brent Barry,1996,2009
115,Drew Barry,1998,2000
116,Jon Barry,1993,2006
117,Will Barton,2013,2018
118,Eddie Basden,2006,2006
119,Brandon Bass,2006,2017
120,Maceo Baston,2003,2009
121,Mengke Bateer,2002,2004
122,Esteban Batista,2006,2007
123,Mike Batiste,2003,2003
124,Tony Battie,1998,2012
125,Shane Battier,2002,2014
126,Nicolas Batum,2009,2018
127,Lonny Baxter,2003,2006
128,Jerryd Bayless,2009,2018
129,Aron Baynes,2013,2018
130,Sergei Bazarevich,1995,1995
131,Kent Bazemore,2013,2018
132,Bradley Beal,2013,2018
133,Jerome Beasley,2004,2004
134,Malik Beasley,2017,2018
135,Michael Beasley,2009,2018
136,Rodrigue Beaubois,2010,2013
137,Corey Beck,1996,1999
138,Marco Belinelli,2008,2018
139,Charlie Bell,2002,2011
140,Jordan Bell,2018,2018
141,Raja Bell,2001,2012
142,Troy Bell,2004,2004
143,DeAndre' Bembry,2017,2018
144,Dragan Bender,2017,2018
145,Jonathan Bender,2000,2010
146,Jerrelle Benimon,2015,2015
147,Corey Benjamin,1999,2003
148,Anthony Bennett,2014,2017
149,Elmer Bennett,1995,1997
150,Mario Bennett,1996,2000
151,Tony Bennett,1993,1995
152,David Benoit,1992,2001
153,Keith Benson,2012,2012
154,Ben Bentil,2017,2017
155,Davis Bertans,2017,2018
156,Travis Best,1996,2005
157,Patrick Beverley,2013,2018
158,Sim Bhullar,2015,2015
159,Mike Bibby,1999,2012
160,Andris Biedrins,2005,2014
161,Chauncey Billups,1998,2014
162,Khem Birch,2018,2018
163,Jabari Bird,2018,2018
164,Bismack Biyombo,2012,2018
165,Nemanja Bjelica,2016,2018
166,Tarik Black,2015,2018
167,Alex Blackwell,1993,1993
168,James Blackwell,1995,1995
169,DeJuan Blair,2010,2016
170,Steve Blake,2004,2016
171,Antonio Blakeney,2018,2018
172,Will Blalock,2007,2007
173,Lance Blanks,1991,1993
174,Ricky Blanton,1993,1993
175,Andray Blatche,2006,2014
176,Eric Bledsoe,2011,2018
177,Corie Blount,1994,2004
178,Mark Blount,2001,2009
179,Vander Blue,2014,2018
180,Tony Bobbitt,2005,2005
181,Keith Bogans,2004,2014
182,Bogdan Bogdanovic,2018,2018
183,Bojan Bogdanovic,2015,2018
184,Andrew Bogut,2006,2018
185,Etdrick Bohannon,1998,2001
186,Joel Bolomboy,2017,2018
187,Walter Bond,1993,1995
188,Dexter Boney,1997,1997
189,Anthony Bonner,1991,1996
190,Matt Bonner,2005,2016
191,Devin Booker,2016,2018
192,Melvin Booker,1996,1997
193,Trevor Booker,2011,2018
194,Josh Boone,2007,2010
195,Calvin Booth,2000,2009
196,Keith Booth,1998,1999
197,Carlos Boozer,2003,2015
198,Curtis Borchardt,2004,2005
199,Lazaro Borrell,2000,2000
200,Chris Bosh,2004,2016
201,Ruben Boumtje-Boumtje,2002,2004
202,Cal Bowdler,2000,2002
203,Bruce Bowen,1997,2009
204,Ryan Bowen,2000,2010
205,Ira Bowman,2000,2002
206,Donnie Boyce,1996,1997
207,Earl Boykins,1999,2012
208,Cedric Bozeman,2007,2007
209,Craig Brackins,2011,2012
210,Avery Bradley,2011,2018
211,Michael Bradley,2002,2006
212,Shawn Bradley,1994,2005
213,Tony Bradley,2018,2018
214,Mark Bradtke,1997,1997
215,Marques Bragg,1996,1996
216,Torraye Braggs,2004,2005
217,A.J. Bramlett,2000,2000
218,Elton Brand,2000,2016
219,Terrell Brandon,1992,2002
220,Tim Breaux,1995,1998
221,J.R. Bremer,2003,2004
222,Corey Brewer,2008,2018
223,Jamison Brewer,2002,2005
224,Ronnie Brewer,2007,2014
225,Primoz Brezec,2002,2010
226,Jon Brockman,2010,2012
227,Malcolm Brogdon,2017,2018
228,Aaron Brooks,2008,2018
229,Dillon Brooks,2018,2018
230,Kevin Brooks,1992,1994
231,MarShon Brooks,2012,2014
232,Andre Brown,2007,2009
233,Anthony Brown,2016,2017
234,Bobby Brown,2009,2018
235,Damone Brown,2002,2005
238,Derrick Brown,2010,2012
239,Devin Brown,2003,2010
240,Ernest Brown,2002,2002
241,Gerald Brown,1999,1999
242,Jabari Brown,2015,2015
243,Jaylen Brown,2017,2018
244,Kedrick Brown,2002,2005
245,Kwame Brown,2002,2013
246,Lorenzo Brown,2014,2018
247,Marcus Brown,1997,2000
248,Markel Brown,2015,2016
249,Myron Brown,1992,1992
250,P.J. Brown,1994,2008
251,Randy Brown,1992,2003
252,Shannon Brown,2007,2015
253,Sterling Brown,2018,2018
254,Tierre Brown,2002,2005
255,Rick Brunson,1998,2006
256,Nicolas Brussino,2017,2018
257,Kobe Bryant,1997,2016
258,Thomas Bryant,2018,2018
259,Greg Buckner,2000,2009
260,Chase Budinger,2010,2016
261,Jud Buechler,1991,2002
262,Rodney Buford,2000,2005
263,Matt Bullard,1991,2002
264,Reggie Bullock,2014,2018
265,Pat Burke,2003,2007
266,Trey Burke,2014,2017
267,Alec Burks,2012,2018
268,Antonio Burks,2005,2006
269,Kevin Burleson,2006,2006
270,Evers Burns,1994,1994
271,Scott Burrell,1994,2001
272,Junior Burrough,1996,1996
273,Willie Burton,1991,1999
274,Caron Butler,2003,2016
275,Jackie Butler,2005,2007
276,Jimmy Butler,2012,2018
277,Mitchell Butler,1994,2004
278,Rasual Butler,2003,2016
279,Dwight Buycks,2014,2015
280,Derrick Byars,2012,2012
281,Andrew Bynum,2006,2014
282,Will Bynum,2006,2015
283,Zarko Cabarkapa,2004,2006
284,Bruno Caboclo,2015,2018
285,Jason Caffey,1996,2003
286,Nick Calathes,2014,2015
287,Jose Calderon,2006,2018
288,Kentavious Caldwell-Pope,2014,2018
289,Demetrius Calip,1992,1992
290,Rick Calloway,1991,1991
291,Dexter Cambridge,1993,1993
292,Marcus Camby,1997,2013
293,Elden Campbell,1991,2005
294,Isaiah Canaan,2014,2018
295,Clint Capela,2015,2018
296,Derrick Caracter,2011,2011
297,Brian Cardinal,2001,2012
298,Geno Carlisle,2005,2005
299,Rodney Carney,2007,2011
300,Chris Carr,1996,2001
301,Cory Carr,1999,1999
302,DeMarre Carroll,2010,2018
303,Matt Carroll,2004,2013
304,Jimmy Carruth,1997,1997
305,Anthony Carter,2000,2012
306,Maurice Carter,2004,2004
307,Vince Carter,1999,2018
308,Michael Carter-Williams,2014,2018
309,Alex Caruso,2018,2018
310,Sam Cassell,1994,2008
311,Omri Casspi,2010,2018
312,Kelvin Cato,1998,2007
313,Willie Cauley-Stein,2016,2018
314,Duane Causwell,1991,2001
315,Tyler Cavanaugh,2018,2018
316,Cedric Ceballos,1991,2001
317,John Celestand,2000,2000
318,Lionel Chalmers,2005,2005
319,Mario Chalmers,2009,2018
320,Tyson Chandler,2002,2018
321,Wilson Chandler,2008,2018
322,Calbert Cheaney,1994,2006
323,Will Cherry,2015,2015
324,Pete Chilcutt,1992,2000
325,Josh Childress,2005,2014
326,Randolph Childress,1996,1997
327,Chris Childs,1995,2003
328,Marquese Chriss,2017,2018
329,Doug Christie,1993,2007
330,Dionte Christmas,2014,2014
331,Rakeem Christmas,2016,2017
332,Semaj Christon,2017,2017
333,Patrick Christopher,2015,2015
334,Robert Churchwell,1996,1996
335,Earl Clark,2010,2015
336,Ian Clark,2014,2018
337,Keon Clark,1999,2004
338,Coty Clarke,2016,2016
339,Jordan Clarkson,2015,2018
340,Gian Clavell,2018,2018
341,Victor Claver,2013,2015
342,Charles Claxton,1996,1996
343,Speedy Claxton,2002,2009
344,Mateen Cleaves,2001,2006
345,Antonius Cleveland,2018,2018
346,Keith Closs,1998,2000
347,Richard Coffey,1991,1991
348,John Coker,1996,2001
349,Norris Cole,2012,2017
350,Derrick Coleman,1991,2005
351,Bimbo Coles,1991,2004
352,Jason Collier,2001,2005
353,James Collins,1998,1998
354,Jarron Collins,2002,2011
355,Jason Collins,2002,2014
356,John Collins,2018,2018
357,Mardy Collins,2007,2010
358,Sherron Collins,2011,2011
359,Zach Collins,2018,2018
360,Kyle Collinsworth,2018,2018
361,Darren Collison,2010,2018
362,Nick Collison,2005,2018
363,Sean Colson,2001,2001
364,Mike Conley,2008,2018
365,Marty Conlon,1992,2000
366,Pat Connaughton,2016,2018
367,Will Conroy,2007,2013
368,Anthony Cook,1991,1996
369,Brian Cook,2004,2012
370,Daequan Cook,2008,2013
371,Omar Cook,2004,2005
372,Quinn Cook,2017,2018
373,Charles Cooke,2018,2018
374,Jack Cooley,2015,2018
375,Duane Cooper,1993,1994
376,Tom Copa,1992,1992
377,Chris Copeland,2013,2016
378,Chris Corchiani,1992,1994
379,Matt Costello,2018,2018
380,Bryce Cotton,2015,2016
381,James Cotton,1998,1999
382,Joe Courtney,1993,1997
383,Marcus Cousin,2011,2011
384,DeMarcus Cousins,2011,2018
385,Robert Covington,2014,2018
386,Allen Crabbe,2014,2018
387,Torrey Craig,2018,2018
388,Chris Crawford,1998,2004
389,Jamal Crawford,2001,2018
390,Joe Crawford,2009,2009
391,Jordan Crawford,2011,2018
392,Joe Crispin,2002,2002
393,Javaris Crittenton,2008,2009
394,Austin Croshere,1998,2009
395,John Crotty,1993,2003
396,Corey Crowder,1992,1995
397,Jae Crowder,2013,2018
398,Vonteego Cummings,2000,2002
399,Dante Cunningham,2010,2018
400,Jared Cunningham,2013,2016
401,William Cunningham,1998,1999
402,Radisav Curcic,1993,1993
403,Bill Curley,1995,2001
404,Eddy Curry,2002,2013
405,JamesOn Curry,2010,2010
406,Michael Curry,1994,2005
407,Seth Curry,2014,2017
408,Stephen Curry,2010,2018
409,Rastko Cvetkovic,1996,1996
410,Samuel Dalembert,2002,2015
411,Erick Dampier,1997,2012
412,Antonio Daniels,1998,2011
413,Erik Daniels,2005,2005
414,Lloyd Daniels,1993,1998
415,Marquis Daniels,2004,2013
416,Troy Daniels,2014,2018
417,Sasha Danilovic,1996,1997
418,Yinka Dare,1995,1998
419,Luigi Datome,2014,2015
420,Kornel David,1999,2001
421,Jermareo Davidson,2008,2009
422,Brandon Davies,2014,2015
423,Anthony Davis,2013,2018
424,Antonio Davis,1994,2006
425,Baron Davis,2000,2012
426,Ben Davis,1997,2000
427,Brian Davis,1994,1994
428,Dale Davis,1992,2007
429,Deyonta Davis,2017,2018
430,Ed Davis,2011,2018
431,Emanual Davis,1997,2003
432,Glen Davis,2008,2015
433,Hubert Davis,1993,2004
434,Josh Davis,2004,2012
435,Mark Davis,1996,2000
436,Paul Davis,2007,2010
437,Ricky Davis,1999,2010
438,Andre Dawkins,2015,2015
439,Branden Dawson,2016,2016
440,Eric Dawson,2012,2012
441,Tony Dawson,1991,1995
442,Todd Day,1993,2001
443,Austin Daye,2010,2015
444,Nando De Colo,2013,2014
445,Andrew DeClercq,1996,2005
446,Dewayne Dedmon,2014,2018
447,Terry Dehere,1994,1999
448,Bryce Dejean-Jones,2016,2016
449,Sam Dekker,2016,2018
450,Malcolm Delaney,2017,2018
451,Bison Dele,1992,1999
452,Carlos Delfino,2005,2013
453,Tony Delk,1997,2006
454,Matthew Dellavedova,2014,2018
455,Dell Demps,1994,1997
456,Luol Deng,2005,2018
457,Justin Dentmon,2012,2013
458,DeMar DeRozan,2010,2018
459,Derrick Dial,2000,2004
460,Cheick Diallo,2017,2018
461,Boris Diaw,2004,2017
462,Yakhouba Diawara,2007,2010
463,Guillermo Diaz,2008,2008
464,Dan Dickau,2003,2008
465,Kaniel Dickens,2004,2008
466,Michael Dickerson,1999,2003
467,Travis Diener,2006,2010
468,Gorgui Dieng,2014,2018
469,Spencer Dinwiddie,2015,2018
470,Ike Diogu,2006,2012
471,DeSagana Diop,2002,2013
472,Juan Dixon,2003,2009
473,Aleksandar Djordjevic,1997,1997
474,Michael Doleac,1999,2008
475,Keyon Dooling,2001,2013
476,Joey Dorsey,2009,2015
477,Tyler Dorsey,2018,2018
478,Damyean Dotson,2018,2018
479,Quincy Douby,2007,2009
480,Toney Douglas,2010,2017
481,Chris Douglas-Roberts,2009,2015
482,Zabian Dowdell,2011,2011
483,Goran Dragic,2009,2018
484,Zoran Dragic,2015,2015
485,Bryce Drew,1999,2004
486,Larry Drew,2015,2015
487,Nate Driggers,1997,1997
488,Predrag Drobnjak,2002,2005
489,Andre Drummond,2013,2018
490,Jared Dudley,2008,2018
491,Chris Duhon,2005,2013
492,Duje Dukan,2016,2016
493,Richard Dumas,1993,1996
494,Tony Dumas,1995,1998
495,Tim Duncan,1998,2016
496,Mike Dunleavy,2003,2017
497,Kris Dunn,2017,2018
498,Ronald Dupree,2004,2011
499,Kevin Durant,2008,2018
500,Pat Durham,1993,1995
501,Jerome Dyson,2012,2012
502,Acie Earl,1994,1997
503,Cleanthony Early,2015,2016
504,Devin Ebanks,2011,2013
505,Ndudi Ebi,2004,2005
506,Jarell Eddie,2016,2017
507,Patrick Eddie,1992,1992
508,Tyus Edney,1996,2001
509,Bill Edwards,1994,1994
510,Corsley Edwards,2005,2005
511,Doug Edwards,1994,1996
512,John Edwards,2005,2006
513,Shane Edwards,2014,2014
514,Howard Eisley,1995,2006
515,Obinna Ekezie,2000,2005
516,Khalid El-Amin,2001,2001
517,Mario Elie,1991,2001
518,Henry Ellenson,2017,2018
519,Wayne Ellington,2010,2018
520,Harold Ellis,1994,1998
521,LaPhonso Ellis,1993,2003
522,LeRon Ellis,1992,1996
523,Monta Ellis,2006,2017
524,Francisco Elson,2004,2012
525,Melvin Ely,2003,2014
526,Joel Embiid,2017,2018
527,Andre Emmett,2005,2012
528,A.J. English,1991,1992
529,Jo Jo English,1993,1995
530,Kim English,2013,2013
531,James Ennis,2015,2018
532,Tyler Ennis,2015,2018
533,Semih Erden,2011,2012
534,Evan Eschmeyer,2000,2003
535,Vincenzo Esposito,1996,1996
536,Brian Evans,1997,1999
537,Jawun Evans,2018,2018
538,Jeremy Evans,2011,2016
539,Maurice Evans,2002,2012
540,Reggie Evans,2003,2015
541,Tyreke Evans,2010,2018
542,Daniel Ewing,2006,2007
543,Patrick Ewing,2011,2011
544,Dante Exum,2015,2017
545,Christian Eyenga,2011,2012
546,Festus Ezeli,2013,2016
547,Kenneth Faried,2012,2018
548,Jordan Farmar,2007,2017
549,Desmon Farmer,2007,2009
550,Tony Farmer,1998,2000
551,Vitor Faverani,2014,2014
552,Derrick Favors,2011,2018
553,Nick Fazekas,2008,2008
554,Jamie Feick,1997,2001
555,Kay Felder,2017,2018
556,Cristiano Felicio,2016,2018
557,Carrick Felix,2014,2014
558,Noel Felix,2006,2006
559,Raymond Felton,2006,2018
560,Desmond Ferguson,2004,2004
561,Terrance Ferguson,2018,2018
562,Rudy Fernandez,2009,2012
563,Yogi Ferrell,2017,2018
564,Danny Ferry,1991,2003
565,Kyrylo Fesenko,2008,2012
566,Landry Fields,2011,2015
567,Michael Finley,1996,2010
568,Dorian Finney-Smith,2017,2018
569,Matt Fish,1995,1997
570,Derek Fisher,1997,2014
571,Gerald Fitch,2006,2006
572,Marcus Fizer,2001,2006
573,Luis Flores,2005,2005
574,Jonny Flynn,2010,2012
575,Isaac Fontaine,2002,2002
576,Jeff Foote,2012,2012
577,Bryn Forbes,2017,2018
578,Gary Forbes,2011,2012
579,Alphonso Ford,1994,1995
580,Alton Ford,2002,2004
581,Sharrod Ford,2006,2006
582,Sherell Ford,1996,1996
583,T.J. Ford,2004,2012
584,Joseph Forte,2002,2003
585,Courtney Fortson,2012,2012
586,Danny Fortson,1998,2007
587,Greg Foster,1991,2003
588,Jeff Foster,2000,2012
589,Antonis Fotsis,2002,2002
590,Evan Fournier,2013,2018
591,Tremaine Fowlkes,2002,2005
592,De'Aaron Fox,2018,2018
593,Rick Fox,1992,2004
594,Randy Foye,2007,2017
595,Adonal Foyle,1998,2009
596,Richie Frahm,2004,2008
597,Steve Francis,2000,2008
598,Jamaal Franklin,2014,2015
599,Tim Frazier,2015,2018
600,Jimmer Fredette,2012,2016
601,Joel Freeland,2013,2015
602,Matt Freije,2005,2007
603,Channing Frye,2006,2018
604,Hiram Fuller,2004,2004
605,Todd Fuller,1997,2001
606,Markelle Fultz,2018,2018
607,Lawrence Funderburke,1998,2005
608,Dan Gadzuric,2003,2012
609,Deng Gai,2006,2006
610,Reece Gaines,2004,2006
611,Sundiata Gaines,2010,2012
612,Chad Gallagher,1994,1994
613,Danilo Gallinari,2009,2018
614,Langston Galloway,2015,2018
615,Jorge Garbajosa,2007,2008
616,Ruben Garces,2001,2001
617,Alex Garcia,2004,2005
618,Francisco Garcia,2006,2015
619,Thomas Gardner,2008,2009
620,Patricio Garino,2017,2017
621,Chris Garner,1998,2001
622,Kevin Garnett,1996,2016
623,Marlon Garnett,1999,1999
624,Dean Garrett,1997,2002
625,Diante Garrett,2013,2014
626,Kiwane Garris,1998,2000
627,Pat Garrity,1999,2008
628,Marc Gasol,2009,2018
629,Pau Gasol,2002,2018
630,Chris Gatling,1992,2002
631,Rudy Gay,2007,2018
632,Andrew Gaze,1994,1999
633,Michael Gbinije,2017,2017
634,Reggie Geary,1997,1998
635,Alonzo Gee,2010,2017
636,Matt Geiger,1993,2002
637,Mickael Gelabale,2007,2013
638,Devean George,2000,2010
639,Paul George,2011,2018
640,Tate George,1991,1995
641,Marcus Georges-Hunt,2017,2018
642,Daniel Gibson,2007,2013
643,Jonathan Gibson,2017,2017
644,Taj Gibson,2010,2018
645,J.R. Giddens,2009,2010
646,Trey Gilder,2010,2010
647,Eddie Gill,2001,2009
648,Kendall Gill,1991,2005
649,Manu Ginobili,2003,2018
650,Gordan Giricek,2003,2008
651,Mickell Gladness,2012,2012
652,Gerald Glass,1991,1996
653,Dion Glover,2000,2005
654,Andreas Glyniadakis,2007,2007
655,Rudy Gobert,2014,2018
656,Dan Godfread,1991,1992
657,Anthony Goldwire,1996,2006
658,Ryan Gomes,2006,2014
659,Drew Gooden,2003,2016
660,Steve Goodrich,2001,2002
661,Archie Goodwin,2014,2017
662,Aaron Gordon,2015,2018
663,Ben Gordon,2005,2015
664,Drew Gordon,2015,2015
665,Eric Gordon,2009,2018
666,Marcin Gortat,2008,2018
667,Andrew Goudelock,2012,2016
668,Ricky Grace,1994,1994
669,Greg Graham,1994,1998
670,Joey Graham,2006,2011
671,Paul Graham,1992,1994
672,Stephen Graham,2006,2011
673,Treveon Graham,2017,2018
674,Jim Grandholm,1991,1991
675,Danny Granger,2006,2015
676,Brian Grant,1995,2006
677,Jerami Grant,2015,2018
678,Jerian Grant,2016,2018
679,Josh Grant,1994,1994
680,Paul Grant,1999,2004
681,Aaron Gray,2008,2014
682,Devin Gray,1997,2000
683,Ed Gray,1998,1999
684,Evric Gray,1997,1997
685,Danny Green,2010,2018
686,Devin Green,2006,2006
687,Draymond Green,2013,2018
688,Erick Green,2015,2016
689,Gerald Green,2006,2017
690,JaMychal Green,2015,2018
691,Jeff Green,2008,2018
692,Litterial Green,1993,1999
693,Sean Green,1992,1994
694,Taurean Green,2008,2008
695,Willie Green,2004,2015
696,Donte Greene,2009,2012
697,Orien Greene,2006,2011
698,Lynn Greer,2007,2007
699,Adrian Griffin,2000,2008
700,Blake Griffin,2011,2018
701,Eddie Griffin,2002,2007
702,Taylor Griffin,2010,2010
703,Derek Grimm,1998,1998
704,Anthony Grundy,2006,2006
705,Tom Gugliotta,1993,2005
706,Andres Guibert,1994,1995
707,Jay Guidinger,1993,1994
708,Jorge Gutierrez,2014,2016
709,A.J. Guyton,2001,2003
710,Hamed Haddadi,2009,2013
711,Malik Hairston,2009,2010
712,P.J. Hairston,2015,2016
713,Marcus Haislip,2003,2010
714,Mike Hall,2007,2007
715,Darvin Ham,1997,2005
716,Steve Hamer,1997,1997
717,Daniel Hamilton,2018,2018
718,Jordan Hamilton,2012,2016
719,Justin Hamilton,2014,2017
720,Richard Hamilton,2000,2013
721,Tang Hamilton,2002,2002
722,Thomas Hamilton,1996,2000
723,Zendon Hamilton,2001,2006
724,Geert Hammink,1994,1996
725,A.J. Hammons,2017,2017
726,Darrin Hancock,1995,1997
727,Ben Handlogten,2004,2005
728,Ben Hansbrough,2013,2013
729,Tyler Hansbrough,2010,2016
730,Travis Hansen,2004,2004
731,Reggie Hanson,1998,1998
732,Luke Harangody,2011,2012
733,Anfernee Hardaway,1994,2008
734,Tim Hardaway,2014,2018
735,James Harden,2010,2018
736,Maurice Harkless,2013,2018
737,Jerome Harmon,1995,1995
738,Justin Harper,2012,2017
739,Matt Harpring,1999,2009
740,Montrezl Harrell,2016,2018
741,Josh Harrellson,2012,2014
742,Adam Harrington,2003,2003
743,Al Harrington,1999,2014
744,Junior Harrington,2003,2007
745,Othella Harrington,1997,2008
746,Devin Harris,2005,2018
747,Elias Harris,2014,2014
748,Gary Harris,2015,2018
749,Joe Harris,2015,2018
750,Lucious Harris,1994,2005
751,Manny Harris,2011,2017
752,Mike Harris,2008,2014
753,Terrel Harris,2012,2013
754,Tobias Harris,2012,2018
755,Tony Harris,1991,1995
756,Aaron Harrison,2016,2017
757,Andrew Harrison,2017,2018
758,David Harrison,2005,2008
759,Jason Hart,2001,2010
760,Josh Hart,2018,2018
761,Antonio Harvey,1994,2003
762,Donnell Harvey,2001,2005
763,Scott Haskin,1994,1994
764,Udonis Haslem,2004,2018
765,Trenton Hassell,2002,2010
766,Kirk Haston,2002,2003
767,Spencer Hawes,2008,2017
768,Juaquin Hawkins,2003,2003
769,Michael Hawkins,1997,2001
770,Chuck Hayes,2006,2016
771,Jarvis Hayes,2004,2010
772,Gordon Hayward,2011,2018
773,Lazar Hayward,2011,2013
774,Brendan Haywood,2002,2015
775,Luther Head,2006,2011
776,Shane Heal,1997,2004
777,Alvin Heggs,1996,1996
778,Alan Henderson,1996,2007
779,Cedric Henderson,1998,2002
780,Gerald Henderson,2010,2017
781,J.R. Henderson,1999,1999
782,Mark Hendrickson,1997,2000
783,Skeeter Henry,1994,1994
784,Xavier Henry,2011,2015
785,John Henson,2013,2018
786,Steve Henson,1991,1999
787,Juan Hernangomez,2017,2018
788,Willy Hernangomez,2017,2018
789,Chris Herren,2000,2001
790,Carl Herrera,1992,1999
791,Walter Herrmann,2007,2009
792,Mario Hezonja,2016,2018
793,Roy Hibbert,2009,2017
794,J.J. Hickson,2009,2016
795,Buddy Hield,2017,2018
796,Cory Higgins,2012,2013
797,Sean Higgins,1991,1998
798,Nene Hilario,2003,2018
799,George Hill,2009,2018
800,Grant Hill,1995,2013
801,Jordan Hill,2010,2017
802,Solomon Hill,2014,2017
803,Steven Hill,2009,2009
804,Tyrone Hill,1991,2004
805,Darrun Hilliard,2016,2018
806,Kirk Hinrich,2004,2016
807,Robert Hite,2007,2007
808,Darington Hobson,2012,2012
809,Donald Hodge,1992,1996
810,Julius Hodge,2006,2007
811,Fred Hoiberg,1996,2005
812,Randy Holcomb,2006,2006
813,Jrue Holiday,2010,2018
814,Justin Holiday,2013,2018
815,John Holland,2018,2018
816,Ryan Hollins,2007,2016
817,Rondae Hollis-Jefferson,2016,2018
818,Richaun Holmes,2016,2018
819,Jerald Honeycutt,1998,1999
820,Tyler Honeycutt,2012,2013
821,Derek Hood,2000,2000
822,Rodney Hood,2015,2018
823,Scotty Hopson,2014,2014
824,Al Horford,2008,2018
825,Dennis Horner,2012,2012
826,Robert Horry,1993,2008
827,Danuel House,2017,2018
828,Eddie House,2001,2011
829,Allan Houston,1994,2005
830,Byron Houston,1993,1996
831,Tom Hovasse,1995,1995
832,Brian Howard,1992,1993
833,Dwight Howard,2005,2018
834,Josh Howard,2004,2013
835,Juwan Howard,1995,2013
836,Stephen Howard,1993,1998
837,Lester Hudson,2010,2015
838,Troy Hudson,1998,2008
839,Marcelo Huertas,2016,2017
840,Josh Huestis,2016,2018
841,Nate Huffman,2003,2003
842,Larry Hughes,1999,2012
843,Rick Hughes,2000,2000
844,Robbie Hummel,2014,2015
845,Ryan Humphrey,2003,2005
846,Kris Humphries,2005,2017
847,Brandon Hunter,2004,2005
848,Cedric Hunter,1992,1992
849,Chris Hunter,2010,2010
850,Lindsey Hunter,1994,2010
851,Othello Hunter,2009,2010
852,R.J. Hunter,2016,2017
853,Steven Hunter,2002,2010
854,Vince Hunter,2018,2018
855,Bobby Hurley,1994,1998
856,Serge Ibaka,2010,2018
857,Andre Iguodala,2005,2018
858,Zydrunas Ilgauskas,1998,2011
859,Mile Ilic,2007,2007
860,Didier Ilunga-Mbenga,2005,2011
861,Ersan Ilyasova,2007,2018
862,Joe Ingles,2015,2018
863,Damien Inglis,2016,2016
864,Brandon Ingram,2017,2018
865,Kyrie Irving,2012,2018
866,Jonathan Isaac,2018,2018
867,Mike Iuzzolino,1992,1993
868,Allen Iverson,1997,2010
869,Royal Ivey,2005,2014
870,Wesley Iwundu,2018,2018
871,Jarrett Jack,2006,2018
872,Bobby Jackson,1998,2009
873,Cedric Jackson,2010,2010
874,Darnell Jackson,2009,2011
875,Demetrius Jackson,2017,2018
876,Jermaine Jackson,2000,2006
877,Jim Jackson,1993,2006
878,Josh Jackson,2018,2018
879,Justin Jackson,2018,2018
880,Luke Jackson,2005,2008
881,Marc Jackson,2001,2007
882,Pierre Jackson,2017,2017
883,Randell Jackson,1999,2000
884,Reggie Jackson,2012,2018
885,Stanley Jackson,1994,1994
886,Stephen Jackson,2001,2014
887,Casey Jacobsen,2003,2008
888,Sam Jacobson,1999,2001
889,Dave Jamerson,1991,1994
890,Bernard James,2013,2015
891,Damion James,2011,2014
892,Henry James,1991,1998
893,Jerome James,1999,2009
894,LeBron James,2004,2018
897,Tim James,2000,2002
898,Antawn Jamison,1999,2014
899,Harold Jamison,2000,2002
900,Marko Jaric,2003,2009
901,Sarunas Jasikevicius,2006,2007
902,Nathan Jawai,2009,2010
903,Chris Jefferies,2003,2004
904,Othyus Jeffers,2010,2014
905,Al Jefferson,2005,2018
906,Cory Jefferson,2015,2016
907,Dontell Jefferson,2009,2009
908,Richard Jefferson,2002,2018
909,Jared Jeffries,2003,2013
910,Charles Jenkins,2012,2013
911,Horace Jenkins,2005,2005
912,John Jenkins,2013,2017
913,Brandon Jennings,2010,2017
914,Keith Jennings,1993,1995
915,Chris Jent,1994,1997
916,Les Jepsen,1991,1992
917,Jonas Jerebko,2010,2018
918,Grant Jerrett,2015,2015
919,Eugene Jeter,2011,2011
920,Yi Jianlian,2008,2012
921,Britton Johnsen,2004,2005
922,Alexander Johnson,2007,2008
923,Amir Johnson,2006,2018
924,Anthony Johnson,1998,2010
925,Armon Johnson,2011,2012
926,Brice Johnson,2017,2018
927,Carldell Johnson,2012,2012
930,Dakari Johnson,2018,2018
931,Darryl Johnson,1996,1996
932,Dave Johnson,1993,1994
933,DeMarco Johnson,2000,2000
934,DerMarr Johnson,2001,2008
935,Ervin Johnson,1994,2006
936,Ivan Johnson,2012,2013
937,JaJuan Johnson,2012,2012
938,James Johnson,2010,2018
939,Joe Johnson,2002,2018
940,Ken Johnson,2003,2003
941,Larry Johnson,1992,2001
942,Linton Johnson,2004,2009
943,Nick Johnson,2015,2015
944,Orlando Johnson,2013,2016
945,Stanley Johnson,2016,2018
946,Trey Johnson,2009,2012
947,Tyler Johnson,2015,2018
948,Wesley Johnson,2011,2018
949,Darius Johnson-Odom,2013,2014
950,Nikola Jokic,2016,2018
951,Alvin Jones,2002,2002
952,Askia Jones,1995,1995
953,Bobby Jones,2007,2008
954,Charles Jones,1999,2000
955,Dahntay Jones,2004,2017
956,Damian Jones,2017,2018
957,Damon Jones,1999,2009
958,DeQuan Jones,2013,2013
959,Derrick Jones,2017,2018
960,Dominique Jones,2011,2013
961,Dontae' Jones,1998,1998
962,Dwayne Jones,2006,2010
963,Eddie Jones,1995,2008
964,Fred Jones,2003,2009
965,Jalen Jones,2018,2018
966,James Jones,2004,2017
967,Jumaine Jones,2000,2007
968,Kevin Jones,2013,2013
969,Mark Jones,2005,2005
970,Perry Jones,2013,2015
971,Popeye Jones,1994,2004
972,Solomon Jones,2007,2014
973,Terrence Jones,2013,2017
974,Tyus Jones,2016,2018
975,Adonis Jordan,1994,1999
976,DeAndre Jordan,2009,2018
977,Jerome Jordan,2012,2015
978,Reggie Jordan,1994,2000
979,Thomas Jordan,1993,1993
980,Cory Joseph,2012,2018
981,Garth Joseph,2001,2001
982,Kris Joseph,2013,2013
983,Chris Kaman,2004,2016
984,Frank Kaminsky,2016,2018
985,Enes Kanter,2012,2018
986,Jason Kapono,2004,2012
987,Sergey Karasev,2014,2016
988,Coby Karl,2008,2010
989,Mario Kasun,2005,2006
990,Sasha Kaun,2016,2016
991,Adam Keefe,1993,2001
992,Ryan Kelly,2014,2017
993,Luke Kennard,2018,2018
994,D.J. Kennedy,2012,2012
995,Jonathan Kerner,1999,1999
996,Alec Kessler,1991,1994
997,Lari Ketner,2000,2001
998,Viktor Khryapa,2005,2008
999,Jason Kidd,1995,2013
1000,Warren Kidd,1994,1994
1001,Michael Kidd-Gilchrist,2013,2018
1002,Sean Kilpatrick,2015,2018
1003,Bo Kimble,1991,1993
1004,Chris King,1994,1999
1005,Frankie King,1996,1997
1006,Gerard King,1999,2001
1007,Jimmy King,1996,1997
1008,Rich King,1992,1995
1009,Tarence Kinsey,2007,2009
1010,Andrei Kirilenko,2002,2015
1011,Alex Kirk,2015,2015
1012,Kerry Kittles,1997,2005
1013,Maxi Kleber,2018,2018
1014,Linas Kleiza,2006,2013
1015,Brandin Knight,2005,2005
1016,Brandon Knight,2012,2017
1017,Brevin Knight,1998,2009
1018,Negele Knight,1991,1999
1019,Travis Knight,1997,2003
1020,Furkan Korkmaz,2018,2018
1021,Yaroslav Korolev,2006,2007
1022,Kyle Korver,2004,2018
1023,Kosta Koufos,2009,2018
1024,Viacheslav Kravtsov,2013,2014
1025,Nenad Krstic,2005,2011
1026,Toni Kukoc,1994,2006
1027,Rob Kurz,2009,2009
1028,Ibo Kutluay,2005,2005
1029,Kyle Kuzma,2018,2018
1030,Ognjen Kuzmic,2014,2015
1031,Mindaugas Kuzminskas,2017,2018
1032,Skal Labissiere,2017,2018
1033,Christian Laettner,1993,2005
1034,Oliver Lafayette,2010,2010
1035,Raef LaFrentz,1999,2008
1036,Doron Lamb,2013,2014
1037,Jeremy Lamb,2013,2018
1038,Maciej Lampe,2004,2006
1039,Sean Lampley,2003,2004
1040,Carl Landry,2008,2016
1041,Marcus Landry,2010,2010
1042,Antonio Lang,1995,2000
1043,James Lang,2007,2007
1044,Trajan Langdon,2000,2002
1045,Keith Langford,2008,2008
1046,Dan Langhi,2001,2004
1047,Nicolas Laprovittola,2017,2017
1048,Shane Larkin,2014,2018
1049,Rusty LaRue,1998,2004
1050,Stephane Lasme,2008,2008
1051,Priest Lauderdale,1997,1998
1052,Joffrey Lauvergne,2015,2018
1053,Zach LaVine,2015,2017
1054,Acie Law,2008,2011
1055,Gani Lawal,2011,2011
1056,Jason Lawson,1998,1998
1057,Ty Lawson,2010,2017
1058,Jake Layman,2017,2018
1059,T.J. Leaf,2018,2018
1060,Ricky Ledo,2014,2015
1061,Courtney Lee,2009,2018
1062,David Lee,2006,2017
1063,Doug Lee,1992,1995
1064,Kurk Lee,1991,1991
1065,Malcolm Lee,2012,2015
1066,Alex Len,2014,2018
1067,Voshon Lenard,1996,2006
1068,Kawhi Leonard,2012,2018
1069,Meyers Leonard,2013,2018
1070,Travis Leslie,2012,2012
1071,Jon Leuer,2012,2018
1072,Caris LeVert,2017,2018
1073,Cedric Lewis,1996,1996
1074,Martin Lewis,1996,1997
1075,Quincy Lewis,2000,2004
1076,Rashard Lewis,1999,2014
1077,Marcus Liberty,1991,1994
1078,DeAndre Liggins,2012,2018
1079,Damian Lillard,2013,2018
1080,Jeremy Lin,2011,2018
1081,Randy Livingston,1997,2007
1082,Shaun Livingston,2005,2018
1083,Horacio Llamas Grey,1997,1998
1084,Ian Lockhart,1991,1991
1085,Art Long,2001,2003
1086,Shawn Long,2017,2017
1087,Luc Longley,1992,2001
1088,Kevon Looney,2016,2018
1089,Brook Lopez,2009,2018
1090,Felipe Lopez,1999,2002
1091,Raul Lopez,2004,2005
1092,Robin Lopez,2009,2018
1093,Ryan Lorthridge,1995,1995
1094,Kevin Love,2009,2018
1095,Kyle Lowry,2007,2018
1096,Kalin Lucas,2015,2015
1097,John Lucas III,2006,2017
1098,Tyronn Lue,1999,2009
1099,Timothe Luwawu-Cabarrot,2017,2018
1100,Tyler Lydon,2018,2018
1101,Trey Lyles,2016,2018
1102,George Lynch,1994,2005
1103,Kevin Lynch,1992,1993
1104,Sheldon Mac,2017,2017
1105,Todd MacCulloch,2000,2003
1106,Scott Machado,2013,2013
1107,Arvydas Macijauskas,2006,2006
1108,Sam Mack,1993,2002
1109,Shelvin Mack,2012,2018
1110,Malcolm Mackey,1994,1994
1111,Vernon Macklin,2012,2012
1112,Don MacLean,1993,2001
1113,Mark Macon,1992,1999
1114,Tito Maddox,2003,2003
1115,Gerald Madkins,1994,1998
1116,Mark Madsen,2001,2009
1117,Josh Magette,2018,2018
1118,Corey Maggette,2000,2013
1119,Jamaal Magloire,2001,2012
1120,Ian Mahinmi,2008,2018
1121,Renaldo Major,2007,2007
1122,Thon Maker,2017,2018
1123,Matt Maloney,1997,2003
1124,Rich Manning,1996,1997
1125,Devyn Marble,2015,2016
1126,Stephon Marbury,1997,2009
1127,Shawn Marion,2000,2015
1128,Boban Marjanovic,2016,2018
1129,Lauri Markkanen,2018,2018
1130,Damir Markota,2007,2007
1131,Sean Marks,1999,2011
1132,Donny Marshall,1996,2003
1133,Donyell Marshall,1995,2009
1134,Kendall Marshall,2013,2016
1135,Rawle Marshall,2006,2007
1136,Bob Martin,1994,1995
1137,Cartier Martin,2009,2015
1138,Cuonzo Martin,1996,1997
1139,Darrick Martin,1995,2008
1140,Jarell Martin,2016,2018
1141,Kenyon Martin,2001,2015
1142,Kevin Martin,2005,2016
1143,Jamal Mashburn,1994,2004
1144,Desmond Mason,2001,2010
1145,Frank Mason,2018,2018
1146,Roger Mason,2003,2014
1147,Tony Massenburg,1991,2005
1148,Mangok Mathiang,2018,2018
1149,Wesley Matthews,2010,2018
1150,Marlon Maxey,1993,1994
1151,Jason Maxiell,2006,2015
1152,Sean May,2006,2010
1153,Lee Mayberry,1993,1999
1154,Tharon Mayes,1992,1992
1155,Eric Maynor,2010,2014
1156,O.J. Mayo,2009,2016
1157,Travis Mays,1991,1993
1158,Luc Mbah a Moute,2009,2018
1159,James Michael McAdoo,2015,2018
1160,Ray McCallum,2014,2016
1161,Rashad McCants,2006,2009
1162,Kelly McCarty,1999,1999
1163,Walter McCarty,1997,2006
1164,Amal McCaskill,1997,2004
1165,Patrick McCaw,2017,2018
1166,Dan McClintock,2001,2001
1167,C.J. McCollum,2014,2018
1168,T.J. McConnell,2016,2018
1169,Jelani McCoy,1999,2008
1170,Chris McCray,2007,2007
1171,Chris McCullough,2016,2018
1172,Clint McDaniel,1996,1996
1173,K.J. McDaniels,2015,2017
1174,Doug McDermott,2015,2018
1175,Michael McDonald,1998,1998
1176,Antonio McDyess,1996,2011
1177,Ivan McFarlin,2007,2007
1178,Mitch McGary,2015,2016
1179,JaVale McGee,2009,2018
1180,Tracy McGrady,1998,2012
1181,Rodney McGruder,2017,2017
1182,Dominic McGuire,2008,2013
1183,Jim McIlvaine,1995,2001
1184,Jeff McInnis,1997,2008
1185,Aaron McKie,1995,2007
1186,Alfonzo McKinnie,2018,2018
1187,Ben McLemore,2014,2018
1188,Keith McLeod,2004,2007
1189,Roshown McLeod,1999,2001
1190,Jerel McNeal,2015,2015
1191,Paul McPherson,2001,2001
1192,Jordan McRae,2016,2017
1193,Josh McRoberts,2008,2017
1194,Stanislav Medvedenko,2001,2007
1195,Darnell Mee,1994,1995
1196,Jodie Meeks,2010,2018
1197,Salah Mejri,2016,2018
1198,Gal Mekel,2014,2015
1199,Fab Melo,2013,2013
1200,Pops Mensah-Bonsu,2007,2011
1201,Ron Mercer,1998,2005
1202,Loren Meyer,1996,1999
1203,Jordan Mickey,2016,2018
1204,Khris Middleton,2013,2018
1205,Chris Mihm,2001,2009
1206,Aaron Miles,2006,2006
1207,C.J. Miles,2006,2018
1208,Darius Miles,2001,2009
1209,Marko Milic,1998,1999
1210,Darko Milicic,2004,2013
1211,Andre Miller,2000,2016
1212,Anthony Miller,1995,2005
1213,Brad Miller,1999,2012
1214,Darius Miller,2013,2018
1215,Malcolm Miller,2018,2018
1216,Mike Miller,2001,2017
1217,Oliver Miller,1993,2004
1218,Quincy Miller,2013,2015
1219,Chris Mills,1994,2003
1220,Patty Mills,2010,2018
1221,Terry Mills,1991,2001
1222,Elijah Millsap,2015,2017
1223,Paul Millsap,2007,2018
1224,Harold Miner,1993,1996
1225,Yao Ming,2003,2011
1226,Greg Minor,1995,1999
1227,Nikola Mirotic,2015,2018
1228,Jason Miskiri,2000,2000
1229,Donovan Mitchell,2018,2018
1232,Cuttino Mobley,1999,2009
1233,Eric Mobley,1995,1997
1234,Nazr Mohammed,1999,2016
1235,Jerome Moiso,2001,2005
1236,Sergei Monia,2006,2006
1237,Malik Monk,2018,2018
1238,Greg Monroe,2011,2018
1239,Rodney Monroe,1992,1992
1240,Luis Montero,2016,2016
1241,Eric Montross,1995,2002
1242,Jamario Moon,2008,2012
1243,E'Twaun Moore,2012,2018
1244,Mikki Moore,1999,2012
1245,Tracy Moore,1992,1997
1246,Eric Moreland,2015,2018
1247,Darren Morningstar,1994,1994
1248,Darius Morris,2012,2015
1249,Isaiah Morris,1993,1993
1250,Marcus Morris,2012,2018
1251,Markieff Morris,2012,2018
1252,Monte Morris,2018,2018
1253,Randolph Morris,2007,2010
1254,Terence Morris,2002,2006
1255,Adam Morrison,2007,2010
1256,Anthony Morrow,2009,2017
1257,Dwayne Morton,1995,1995
1258,Lawrence Moten,1996,1998
1259,Donatas Motiejunas,2013,2017
1260,Johnathan Motley,2018,2018
1261,Hanno Mottola,2001,2002
1262,Arnett Moultrie,2013,2014
1263,Alonzo Mourning,1993,2008
1264,Timofey Mozgov,2011,2018
1265,Emmanuel Mudiay,2016,2018
1266,Shabazz Muhammad,2014,2018
1267,Byron Mullens,2010,2014
1268,Todd Mundt,1996,1996
1269,Xavier Munford,2016,2016
1270,Chris Munk,1991,1991
1271,Eric Murdock,1992,2000
1272,Gheorghe Muresan,1994,2000
1273,Erik Murphy,2014,2014
1274,Kevin Murphy,2013,2013
1275,Troy Murphy,2002,2013
1276,Dejounte Murray,2017,2018
1277,Jamal Murray,2017,2018
1278,Lamond Murray,1995,2006
1279,Ronald Murray,2003,2010
1280,Tracy Murray,1993,2004
1281,Toure' Murry,2014,2015
1282,Mike Muscala,2014,2018
1283,Jerrod Mustaf,1991,1994
1284,Dikembe Mutombo,1992,2009
1285,Martin Muursepp,1997,1998
1286,Hamady N'Diaye,2011,2014
1287,Makhtar N'Diaye,1999,1999
1288,Mamadou N'Diaye,2001,2005
1289,Boniface N'Dong,2006,2006
1290,Bostjan Nachbar,2003,2008
1291,Abdel Nader,2018,2018
1292,Lee Nailon,2001,2006
1293,Eduardo Najera,2001,2012
1294,Larry Nance,2016,2018
1295,Shabazz Napier,2015,2018
1296,Steve Nash,1997,2014
1297,Howard Nathan,1996,1996
1298,Juan Carlos Navarro,2008,2008
1299,Maurice Ndour,2017,2017
1300,Gary Neal,2011,2017
1301,Nemanja Nedovic,2014,2014
1302,DeMarcus Nelson,2009,2009
1303,Jameer Nelson,2005,2018
1304,Ruben Nembhard,1997,1997
1305,Tyrone Nesby,1999,2002
1306,Rasho Nesterovic,1999,2010
1307,Raul Neto,2016,2018
1308,Melvin Newbern,1993,1993
1309,Ivano Newbill,1995,1998
1310,Ira Newble,2001,2008
1311,Georges Niang,2017,2017
1312,Demetris Nichols,2008,2009
1313,Andrew Nicholson,2013,2017
1314,Gaylon Nickerson,1997,1997
1315,Joakim Noah,2008,2018
1316,Andres Nocioni,2005,2012
1317,David Noel,2007,2007
1318,Nerlens Noel,2015,2018
1319,Lucas Nogueira,2015,2018
1320,Jeff Nordgaard,1998,1998
1321,Moochie Norris,1997,2006
1322,Steve Novak,2007,2017
1323,Dirk Nowitzki,1999,2018
1324,Frank Ntilikina,2018,2018
1325,James Nunnally,2014,2014
1326,Jusuf Nurkic,2015,2018
1327,David Nwaba,2017,2018
1328,Julius Nwosu,1995,1995
1329,Charles O'Bannon,1998,1999
1330,Ed O'Bannon,1996,1997
1331,J.J. O'Brien,2016,2016
1332,Johnny O'Bryant,2015,2018
1333,Patrick O'Bryant,2007,2010
1334,Jermaine O'Neal,1997,2014
1335,Shaquille O'Neal,1993,2011
1336,Royce O'Neale,2018,2018
1337,Kyle O'Quinn,2013,2018
1338,Dan O'Sullivan,1991,1996
1339,Fabricio Oberto,2006,2011
1340,Daniel Ochefu,2017,2017
1341,Greg Oden,2009,2014
1342,Lamar Odom,2000,2013
1343,Alan Ogg,1991,1993
1344,Tim Ohlbrecht,2013,2013
1345,Semi Ojeleye,2018,2018
1346,Emeka Okafor,2005,2013
1347,Jahlil Okafor,2016,2018
1348,Mehmet Okur,2003,2012
1349,Victor Oladipo,2014,2018
1350,Brian Oliver,1991,1998
1351,Dean Oliver,2002,2003
1352,Jimmy Oliver,1992,1999
1353,Kevin Ollie,1998,2010
1354,Michael Olowokandi,1999,2007
1355,Kelly Olynyk,2014,2018
1356,Arinze Onuaku,2014,2017
1357,Chinanu Onuaku,2017,2017
1358,Daniel Orton,2012,2014
1359,Cedi Osman,2018,2018
1360,Greg Ostertag,1996,2006
1361,Matt Othick,1993,1993
1362,Kelly Oubre,2016,2018
1363,Bo Outlaw,1994,2008
1364,Travis Outlaw,2004,2014
1365,Doug Overton,1993,2004
1366,Andre Owens,2006,2008
1367,Billy Owens,1992,2001
1368,Chris Owens,2003,2003
1369,Keith Owens,1992,1992
1370,Larry Owens,2011,2012
1371,Ray Owes,1997,1997
1372,Olumide Oyedeji,2001,2003
1373,Zaza Pachulia,2004,2018
1374,Robert Pack,1992,2004
1375,Gerald Paddio,1991,1994
1376,Scott Padgett,2000,2007
1377,Marcus Paige,2018,2018
1378,Milt Palacio,2000,2006
1379,Walter Palmer,1991,1993
1380,Andy Panko,2001,2001
1381,Georgios Papagiannis,2017,2018
1382,Kostas Papanikolaou,2015,2016
1383,Jannero Pargo,2003,2015
1384,Jeremy Pargo,2012,2013
1385,Anthony Parker,1998,2012
1386,Jabari Parker,2015,2017
1387,Smush Parker,2003,2008
1388,Tony Parker,2002,2018
1389,Cherokee Parks,1996,2004
1390,Chandler Parsons,2012,2018
1391,Andrae Patterson,1999,2000
1392,Lamar Patterson,2016,2017
1393,Patrick Patterson,2011,2018
1394,Ruben Patterson,1999,2008
1395,Brandon Paul,2018,2018
1396,Chris Paul,2006,2018
1397,Sasha Pavlovic,2004,2013
1398,Adreian Payne,2015,2018
1399,Cameron Payne,2016,2017
1400,Elfrid Payton,2015,2018
1401,Gary Payton,1991,2007
1403,Oleksiy Pecherov,2008,2010
1404,Anthony Peeler,1993,2005
1405,Nikola Pekovic,2011,2016
1406,Mike Penberthy,2001,2002
1407,Desmond Penigar,2004,2004
1408,Kirk Penney,2004,2005
1409,Mike Peplowski,1994,1996
1410,Kendrick Perkins,2004,2016
1411,Kosta Perovic,2008,2008
1412,London Perrantes,2018,2018
1413,Elliot Perry,1992,2002
1414,Wesley Person,1995,2005
1415,Alec Peters,2018,2018
1416,Morris Peterson,2001,2011
1417,Johan Petro,2006,2013
1418,Richard Petruska,1994,1994
1419,Derrick Phelps,1995,1995
1420,Bobby Phills,1992,2000
1421,Eric Piatkowski,1995,2008
1422,Paul Pierce,1999,2017
1423,Mickael Pietrus,2004,2013
1424,Kevinn Pinkney,2007,2007
1425,Dexter Pittman,2011,2014
1426,Zoran Planinic,2004,2006
1427,Tibor Pleiss,2016,2016
1428,Marshall Plumlee,2017,2017
1429,Mason Plumlee,2014,2018
1430,Miles Plumlee,2013,2018
1431,Pavel Podkolzin,2005,2006
1432,Jakob Poeltl,2017,2018
1433,Scot Pollard,1998,2008
1434,Quincy Pondexter,2011,2018
1435,Mark Pope,1998,2005
1436,Chris Porter,2001,2001
1437,Otto Porter,2014,2018
1438,Bobby Portis,2016,2018
1439,Kristaps Porzingis,2016,2018
1440,James Posey,2000,2011
1441,Lavor Postell,2001,2003
1442,Vitaly Potapenko,1997,2007
1443,Leon Powe,2007,2011
1444,Dwight Powell,2015,2018
1445,Josh Powell,2006,2014
1446,Kasib Powell,2008,2008
1447,Norman Powell,2016,2018
1448,Roger Powell,2007,2007
1449,Alex Poythress,2017,2018
1450,Phil Pressey,2014,2016
1451,A.J. Price,2010,2015
1452,Brent Price,1993,2002
1453,Ronnie Price,2006,2017
1454,Pablo Prigioni,2013,2016
1455,Tayshaun Prince,2003,2016
1456,Kevin Pritchard,1991,1996
1457,Laron Profit,2000,2006
1458,Gabe Pruitt,2008,2009
1459,Joel Przybilla,2001,2013
1460,Anthony Pullard,1993,1993
1461,Jacob Pullen,2018,2018
1462,Zhou Qi,2018,2018
1463,Tim Quarterman,2017,2017
1464,Chris Quinn,2007,2013
1465,Ivan Rabb,2018,2018
1466,Dino Radja,1994,1997
1467,Vladimir Radmanovic,2002,2013
1468,Aleksandar Radojevic,2000,2005
1469,Miroslav Raduljica,2014,2015
1470,Igor Rakocevic,2003,2003
1471,Peter John Ramos,2005,2005
1472,Mark Randall,1992,1995
1473,Chasson Randle,2017,2017
1474,Julius Randle,2015,2018
1475,Anthony Randolph,2009,2014
1476,Shavlik Randolph,2006,2015
1477,Zach Randolph,2002,2018
1478,Theo Ratliff,1996,2011
1479,Andy Rautins,2011,2011
1480,Allan Ray,2007,2007
1481,Zeljko Rebraca,2002,2006
1482,Eldridge Recasner,1995,2002
1483,Michael Redd,2001,2012
1484,J.J. Redick,2007,2018
1485,Justin Reed,2005,2007
1486,Willie Reed,2016,2018
1487,Bryant Reeves,1996,2001
1488,Khalid Reeves,1995,2000
1489,Don Reid,1996,2003
1490,Ryan Reid,2012,2012
1491,Jared Reiner,2005,2007
1492,Terrence Rencher,1996,1996
1493,Efthimi Rentzias,2003,2003
1494,Shawn Respert,1996,1999
1495,Rodrick Rhodes,1998,2000
1496,Glen Rice,2014,2015
1497,Chris Richard,2008,2010
1498,Jason Richardson,2002,2015
1499,Jeremy Richardson,2007,2009
1500,Josh Richardson,2016,2018
1501,Malachi Richardson,2017,2018
1502,Norm Richardson,2002,2002
1503,Quentin Richardson,2001,2013
1504,Isaiah Rider,1994,2002
1505,Luke Ridnour,2004,2015
1506,Antoine Rigaudeau,2003,2003
1507,Eric Riley,1994,1999
1508,Austin Rivers,2013,2018
1509,Andre Roberson,2014,2018
1510,Anthony Roberson,2006,2009
1511,Terrance Roberson,2001,2001
1512,Brian Roberts,2013,2017
1513,Lawrence Roberts,2006,2007
1514,Stanley Roberts,1992,2000
1515,Ryan Robertson,2000,2000
1516,Bernard Robinson,2005,2007
1517,Chris Robinson,1997,1998
1518,Eddie Robinson,2000,2004
1519,Glenn Robinson,1995,2005
1521,Jamal Robinson,2001,2001
1522,James Robinson,1994,2001
1523,Larry Robinson,1991,2002
1524,Nate Robinson,2006,2016
1525,Rumeal Robinson,1991,1997
1526,Thomas Robinson,2013,2017
1527,Sergio Rodriguez,2007,2017
1528,Lou Roe,1996,1997
1529,Carlos Rogers,1995,2002
1530,Rodney Rogers,1994,2005
1531,Roy Rogers,1997,2000
1532,Rajon Rondo,2007,2018
1533,Sean Rooks,1993,2004
1534,Derrick Rose,2009,2018
1535,Jalen Rose,1995,2007
1536,Malik Rose,1997,2009
1537,Quinton Ross,2005,2011
1538,Terrence Ross,2013,2018
1539,Brandon Roy,2007,2013
1540,Clifford Rozier,1995,1998
1541,Terry Rozier,2016,2018
1542,Ricky Rubio,2012,2018
1543,Guy Rucker,2003,2003
1544,Damjan Rudez,2015,2017
1545,Michael Ruffin,2000,2009
1546,Trevor Ruffin,1995,1996
1547,Stefano Rusconi,1996,1996
1548,Brandon Rush,2009,2017
1549,Kareem Rush,2003,2010
1550,Bryon Russell,1994,2006
1551,D'Angelo Russell,2016,2018
1552,Walker Russell,2012,2012
1553,Arvydas Sabonis,1996,2003
1554,Domantas Sabonis,2017,2018
1555,Robert Sacre,2013,2016
1556,John Salmons,2003,2015
1557,Kevin Salvadori,1997,1998
1558,Soumaila Samake,2001,2003
1559,Cheikh Samb,2008,2009
1560,JaKarr Sampson,2015,2018
1561,Jamal Sampson,2003,2007
1562,Samardo Samuels,2011,2013
1563,Pepe Sanchez,2001,2003
1564,Larry Sanders,2011,2017
1565,Melvin Sanders,2006,2006
1566,Daniel Santiago,2001,2005
1567,Dario Saric,2017,2018
1568,Jason Sasser,1997,1999
1569,Jeryl Sasser,2002,2003
1570,Tomas Satoransky,2017,2018
1571,Kenny Satterfield,2002,2003
1572,Predrag Savovic,2003,2003
1573,Brian Scalabrine,2002,2012
1574,Alex Scales,2006,2006
1575,Steve Scheffler,1991,1997
1576,Luke Schenscher,2006,2007
1577,Dwayne Schintzius,1991,1999
1578,Dennis Schroder,2014,2018
1579,Luis Scola,2008,2017
1580,Brent Scott,1997,1997
1581,Dennis Scott,1991,2000
1582,James Scott,1997,1997
1583,Mike Scott,2013,2018
1584,Shawnelle Scott,1997,2002
1585,Shea Seals,1998,1998
1586,Malik Sealy,1993,2000
1587,Thabo Sefolosha,2007,2018
1588,Josh Selby,2012,2013
1589,Wayne Selden,2017,2018
1590,Mouhamed Sene,2007,2009
1591,Kevin Seraphin,2011,2017
1592,Ansu Sesay,2002,2005
1593,Ramon Sessions,2008,2018
1594,Ha Seung-Jin,2005,2006
1595,Mustafa Shakur,2011,2014
1596,God Shammgod,1998,1998
1597,Walter Sharpe,2009,2009
1598,Casey Shaw,1999,1999
1599,Tornike Shengelia,2013,2014
1600,Jeffrey Sheppard,1999,1999
1601,Paul Shirley,2003,2005
1602,Iman Shumpert,2012,2018
1603,Alexey Shved,2013,2015
1604,Pascal Siakam,2017,2018
1605,Xavier Silas,2012,2012
1606,Garret Siler,2011,2011
1607,Wayne Simien,2006,2007
1608,Ben Simmons,2018,2018
1609,Bobby Simmons,2002,2012
1610,Cedric Simmons,2007,2009
1611,Jonathon Simmons,2016,2018
1612,Kobi Simmons,2018,2018
1613,Lionel Simmons,1991,1997
1614,Miles Simon,1999,1999
1615,Dickey Simpkins,1995,2002
1616,Alvin Sims,1999,1999
1617,Courtney Sims,2008,2009
1618,Henry Sims,2013,2016
1619,Kyle Singler,2013,2018
1620,Sean Singletary,2009,2009
1621,Chris Singleton,2012,2014
1622,James Singleton,2006,2012
1623,Peyton Siva,2014,2014
1624,Brian Skinner,1999,2012
1625,Reggie Slater,1995,2003
1626,Tamar Slay,2003,2005
1627,Donald Sloan,2012,2016
1628,Uros Slokar,2007,2007
1629,Marcus Smart,2015,2018
1630,Charles Smith,1998,2006
1633,Craig Smith,2007,2012
1634,Dennis Smith,2018,2018
1635,Donta Smith,2005,2006
1636,Doug Smith,1992,1996
1637,Greg Smith,2012,2016
1638,Ish Smith,2011,2018
1639,J.R. Smith,2005,2018
1640,Jabari Smith,2001,2005
1641,Jason Smith,2008,2018
1642,Jerry Smith,2012,2012
1643,Joe Smith,1996,2011
1644,Josh Smith,2005,2018
1645,LaBradford Smith,1992,1994
1646,Leon Smith,2002,2004
1647,Michael Smith,1995,2001
1648,Mike Smith,2001,2001
1649,Nolan Smith,2012,2013
1650,Reggie Smith,1993,1994
1651,Russ Smith,2015,2016
1652,Steve Smith,1992,2005
1653,Steven Smith,2007,2007
1654,Stevin Smith,1997,1997
1655,Theron Smith,2004,2005
1656,Tony Smith,1991,2001
1657,Tony Snell,2014,2018
1658,Eric Snow,1996,2008
1659,Kirk Snyder,2005,2008
1660,Will Solomon,2002,2009
1661,Darius Songaila,2004,2011
1662,James Southerland,2014,2014
1663,Pape Sow,2005,2007
1664,Vassilis Spanoulis,2007,2007
1665,Marreese Speights,2009,2018
1666,Andre Spencer,1993,1994
1667,Elmore Spencer,1993,1997
1668,Felton Spencer,1991,2002
1669,Tiago Splitter,2011,2017
1670,Latrell Sprewell,1993,2005
1671,Ryan Stack,1999,2000
1672,Jerry Stackhouse,1996,2013
1673,Nik Stauskas,2015,2018
1674,Matt Steigenga,1997,1997
1675,Vladimir Stepania,1999,2004
1676,D.J. Stephens,2014,2014
1677,Joe Stephens,1997,2000
1678,Lance Stephenson,2011,2018
1679,Alex Stepheson,2016,2016
1680,Barry Stevens,1993,1993
1681,DeShawn Stevenson,2001,2013
1682,Kebu Stewart,1998,1998
1683,Larry Stewart,1992,1997
1684,Michael Stewart,1998,2005
1685,Greg Stiemsma,2012,2015
1686,Bryant Stith,1993,2002
1687,David Stockton,2015,2015
1688,Peja Stojakovic,1999,2011
1689,Ed Stokes,1998,1998
1690,Jarnell Stokes,2015,2017
1691,Diamond Stone,2017,2017
1692,Julyan Stone,2012,2018
1693,Awvee Storey,2005,2008
1694,Damon Stoudamire,1996,2008
1695,Salim Stoudamire,2006,2008
1696,Amar'e Stoudemire,2003,2016
1697,D.J. Strawberry,2008,2008
1698,Erick Strickland,1997,2005
1699,Mark Strickland,1995,2003
1700,Derek Strong,1992,2001
1701,Lamont Strothers,1992,1993
1702,Rodney Stuckey,2008,2017
1703,Jared Sullinger,2013,2017
1704,DaJuan Summers,2010,2013
1705,Bruno Sundov,1999,2005
1706,Bob Sura,1996,2005
1707,Greg Sutton,1992,1996
1708,Caleb Swanigan,2018,2018
1709,Mike Sweetney,2004,2007
1710,Robert Swift,2005,2009
1711,Stromile Swift,2001,2009
1712,Aaron Swinson,1995,1995
1713,Pape Sy,2011,2011
1714,Larry Sykes,1996,1996
1715,Brett Szabo,1997,1997
1716,Wally Szczerbiak,2000,2009
1717,Zan Tabak,1995,2001
1718,Yuta Tabuse,2005,2005
1719,Chris Taft,2006,2006
1720,Dragan Tarlac,2001,2001
1721,Jayson Tatum,2018,2018
1722,Edy Tavares,2016,2017
1723,Donell Taylor,2006,2007
1724,Isaiah Taylor,2017,2018
1725,Jeffery Taylor,2013,2015
1726,Jermaine Taylor,2010,2011
1727,Johnny Taylor,1998,2000
1728,Maurice Taylor,1998,2007
1729,Mike Taylor,2009,2009
1730,Tyshawn Taylor,2013,2014
1731,Jeff Teague,2010,2018
1732,Marquis Teague,2013,2014
1733,Mirza Teletovic,2013,2018
1734,Sebastian Telfair,2005,2015
1735,Garrett Temple,2010,2018
1736,Milos Teodosic,2018,2018
1737,Jason Terry,2000,2018
1738,Hasheem Thabeet,2010,2014
1739,Daniel Theis,2018,2018
1740,Adonis Thomas,2014,2014
1741,Billy Thomas,2005,2008
1742,Carl Thomas,1992,1998
1743,Charles Thomas,1992,1992
1744,Etan Thomas,2002,2011
1745,Irving Thomas,1991,1991
1746,Isaiah Thomas,2012,2017
1747,Jamel Thomas,2000,2001
1748,James Thomas,2005,2006
1749,John Thomas,1998,2006
1750,Kenny Thomas,2000,2010
1751,Kurt Thomas,1996,2013
1752,Lance Thomas,2012,2018
1753,Malcolm Thomas,2012,2015
1754,Tim Thomas,1998,2010
1755,Tyrus Thomas,2007,2015
1756,Trey Thompkins,2012,2012
1757,Brooks Thompson,1995,1998
1758,Dijon Thompson,2006,2007
1759,Hollis Thompson,2014,2017
1760,Jason Thompson,2009,2016
1761,Kevin Thompson,1994,1994
1762,Klay Thompson,2012,2018
1763,Mychel Thompson,2012,2012
1764,Stephen Thompson,1992,1992
1765,Tristan Thompson,2012,2018
1766,Al Thornton,2008,2011
1767,Marcus Thornton,2010,2017
1768,Sindarius Thornwell,2018,2018
1769,Jamaal Tinsley,2002,2014
1770,Mike Tobey,2017,2017
1771,Anthony Tolliver,2009,2018
1772,Andy Toolson,1991,1996
1773,Oscar Torres,2002,2003
1774,Axel Toupane,2016,2017
1775,Keith Tower,1994,1997
1776,Karl-Anthony Towns,2016,2018
1777,Robert Traylor,1999,2005
1778,Gary Trent,1996,2004
1779,Jeff Trepagnier,2002,2004
1780,Cezary Trybanski,2003,2004
1781,Jake Tsakalidis,2001,2007
1782,Nikoloz Tskitishvili,2003,2006
1783,Alando Tucker,2008,2010
1784,Anthony Tucker,1995,1995
1785,P.J. Tucker,2007,2018
1786,Ronny Turiaf,2006,2015
1787,Mirsad Turkcan,2000,2000
1788,Hedo Turkoglu,2001,2015
1789,Evan Turner,2011,2018
1790,John Turner,1992,1992
1791,Myles Turner,2016,2018
1792,Wayne Turner,2000,2000
1793,B.J. Tyler,1995,1995
1794,Jeremy Tyler,2012,2014
1795,Edwin Ubiles,2012,2012
1796,Ekpe Udoh,2011,2018
1797,Ime Udoka,2004,2011
1798,Beno Udrih,2005,2017
1799,Roko Ukic,2009,2010
1800,Tyler Ulis,2017,2018
1801,Jarrod Uthoff,2017,2017
1802,Ben Uzoh,2011,2012
1803,Jonas Valanciunas,2013,2018
1804,Denzel Valentine,2017,2018
1805,Nick Van Exel,1994,2006
1806,Keith Van Horn,1998,2006
1807,Logan Vander Velden,1996,1996
1808,David Vanterpool,2001,2001
1809,Fred VanVleet,2017,2018
1810,Ratko Varda,2002,2002
1811,Anderson Varejao,2005,2017
1812,Jarvis Varnado,2013,2014
1813,Greivis Vasquez,2011,2017
1814,David Vaughn,1996,1999
1815,Jacque Vaughn,1998,2009
1816,Rashad Vaughn,2016,2018
1817,Loy Vaught,1991,2001
1818,Jan Vesely,2012,2014
1819,Gundars Vetra,1993,1993
1820,Joao Vianna,1992,1992
1821,Charlie Villanueva,2006,2016
1822,Marcus Vinicius,2007,2008
1823,Fred Vinson,1995,2000
1824,Noah Vonleh,2015,2018
1825,Jake Voskuhl,2001,2009
1826,Slavko Vranes,2004,2004
1827,Stojko Vrankovic,1991,1999
1828,Jackson Vroman,2005,2006
1829,Nikola Vucevic,2012,2018
1830,Sasha Vujacic,2005,2017
1831,Dwyane Wade,2004,2018
1832,Von Wafer,2006,2012
1833,Dajuan Wagner,2003,2007
1834,Dion Waiters,2013,2018
1835,Antoine Walker,1997,2008
1836,Henry Walker,2009,2015
1837,Kemba Walker,2012,2018
1838,Samaki Walker,1997,2006
1839,John Wall,2011,2018
1840,Ben Wallace,1997,2012
1841,Gerald Wallace,2002,2015
1842,John Wallace,1997,2004
1843,Rasheed Wallace,1996,2013
1844,Taurean Waller-Prince,2017,2018
1845,Matt Walsh,2006,2006
1846,Rex Walters,1994,2000
1847,Derrick Walton,2018,2018
1848,Luke Walton,2004,2013
1849,Charlie Ward,1995,2005
1850,Casper Ware,2014,2014
1851,T.J. Warren,2015,2018
1852,Willie Warren,2011,2011
1853,Hakim Warrick,2006,2013
1854,Darius Washington,2008,2008
1855,Eric Washington,1998,1999
1856,Darryl Watkins,2008,2012
1857,C.J. Watson,2008,2017
1858,Earl Watson,2002,2014
1859,Jamie Watson,1995,1999
1860,Maalik Wayns,2013,2014
1861,David Wear,2015,2015
1862,Travis Wear,2015,2015
1863,Clarence Weatherspoon,1993,2005
1864,Kyle Weaver,2009,2011
1865,Marcus Webb,1993,1993
1866,Chris Webber,1994,2008
1867,Briante Weber,2016,2018
1868,Jeff Webster,1996,1996
1869,Martell Webster,2006,2015
1870,Sonny Weems,2009,2016
1871,Bonzi Wells,1999,2008
1872,Bubba Wells,1998,1998
1873,Jiri Welsch,2003,2006
1874,Matt Wenstrom,1994,1994
1875,Robert Werdann,1993,1997
1876,David Wesley,1994,2007
1877,David West,2004,2018
1878,Delonte West,2005,2012
1879,Mario West,2008,2011
1880,Russell Westbrook,2009,2018
1881,Robert Whaley,2006,2006
1882,DeJuan Wheat,1998,1999
1883,Tyson Wheeler,1999,1999
1884,D.J. White,2009,2014
1885,Derrick White,2018,2018
1886,Jahidi White,1999,2005
1887,James White,2007,2013
1888,Okaro White,2017,2018
1889,Rodney White,2002,2005
1890,Royce White,2014,2014
1891,Isaiah Whitehead,2017,2018
1892,Donald Whiteside,1997,1998
1893,Hassan Whiteside,2011,2018
1894,Dwayne Whitfield,1996,1996
1895,Chris Whitney,1994,2004
1896,Shayne Whittington,2015,2016
1897,Andrew Wiggins,2015,2018
1898,C.J. Wilcox,2015,2017
1899,Chris Wilcox,2003,2013
1900,Jacob Wiley,2018,2018
1901,Damien Wilkins,2005,2018
1902,Mike Wilks,2003,2010
1903,Aaron Williams,1994,2008
1904,Alan Williams,2016,2017
1905,Alvin Williams,1998,2007
1906,Brandon Williams,1998,2003
1907,C.J. Williams,2018,2018
1908,Corey Williams,1993,1994
1909,Deron Williams,2006,2017
1910,Derrick Williams,2012,2017
1911,Elliot Williams,2012,2016
1912,Eric Williams,1996,2007
1913,Frank Williams,2003,2005
1914,Jason Williams,1999,2011
1915,Jawad Williams,2009,2011
1916,Jay Williams,2003,2003
1917,Jayson Williams,1991,1999
1918,Jerome Williams,1997,2005
1919,Jordan Williams,2012,2012
1920,Justin Williams,2007,2008
1921,Kenny Williams,1991,1994
1922,Lorenzo Williams,1993,2000
1923,Lou Williams,2006,2018
1926,Marvin Williams,2006,2018
1927,Matt Williams,2018,2018
1928,Mo Williams,2004,2016
1929,Monty Williams,1995,2003
1930,Reggie Williams,2010,2017
1931,Scott Williams,1991,2005
1932,Sean Williams,2008,2012
1933,Shammond Williams,1999,2007
1934,Shawne Williams,2007,2015
1935,Shelden Williams,2007,2012
1936,Terrence Williams,2010,2013
1937,Travis Williams,1998,1999
1938,Troy Williams,2017,2018
1939,Walt Williams,1993,2003
1940,Corliss Williamson,1996,2007
1941,Dedric Willoughby,2000,2000
1942,D.J. Wilson,2018,2018
1943,Jamil Wilson,2018,2018
1944,Trevor Wilson,1991,1996
1945,Kyle Wiltjer,2017,2017
1946,Kennard Winchester,1991,1993
1947,Dontonio Wingfield,1995,1998
1948,Justise Winslow,2016,2018
1949,Trevor Winter,1999,1999
1950,Jeff Withey,2014,2018
1951,Ruben Wolkowyski,2001,2003
1952,Nate Wolters,2014,2018
1953,Christian Wood,2016,2017
1954,Loren Woods,2002,2008
1955,Qyntel Woods,2003,2006
1956,Randy Woods,1993,1996
1957,Metta World Peace,2000,2017
1958,Antoine Wright,2006,2011
1959,Bracey Wright,2006,2007
1960,Brandan Wright,2008,2018
1963,Delon Wright,2016,2018
1964,Dorell Wright,2005,2015
1965,Howard Wright,1991,1993
1966,Julian Wright,2008,2011
1967,Lorenzen Wright,1997,2009
1968,Luther Wright,1994,1994
1969,Sharone Wright,1995,1998
1970,Tony Wroten,2013,2016
1971,A.J. Wynder,1991,1991
1972,Guerschon Yabusele,2018,2018
1973,Vincent Yarbrough,2003,2003
1974,James Young,2015,2017
1975,Joe Young,2016,2018
1976,Korleone Young,1999,1999
1977,Nick Young,2008,2018
1978,Sam Young,2010,2013
1979,Thaddeus Young,2008,2018
1980,Tim Young,2000,2000
1981,Sun Yue,2009,2009
1982,Cody Zeller,2014,2018
1983,Luke Zeller,2013,2013
1984,Tyler Zeller,2013,2018
1985,Wang Zhizhi,2001,2005
1986,George Zidek,1996,1998
1987,Derrick Zimmerman,2006,2006
1988,Stephen Zimmerman,2017,2017
1989,Paul Zipser,2017,2018
1990,Ante Zizic,2018,2018
1991,Ivica Zubac,2017,2018
